// AUTO-GENERATED by icons/gen_font_letters.py -- do not edit by hand.
// 1-bit font: A-Z, a-z, and punctuation rendered from DYLOVA5TUFF.ttf.
// Digits 0-9 are procedural 7-seg (main render path uses starfield_icons.h).
// fd_ glyphs are 33x53, dd_ glyphs are 16x25, td_ glyphs are 8x12.
#ifndef SEVENSEG_LETTERS_H
#define SEVENSEG_LETTERS_H
#include <Arduino.h>

// '!', 33x53px
static const unsigned char PROGMEM fd_glyph_33[] = {
	0x00, 0x00, 0x00, 0x00, 0x00, 0x00, 0x00, 0x00, 0x00, 0x00, 0x00, 0x00,
	0x00, 0x00, 0x00, 0x00, 0x00, 0x00, 0x00, 0x00, 0x00, 0x00, 0x00, 0x00,
	0x00, 0x00, 0x00, 0x00, 0x00, 0x00, 0x00, 0x00, 0x00, 0x00, 0x00, 0x00,
	0x00, 0x00, 0x00, 0x00, 0x00, 0x70, 0x00, 0x00, 0x00, 0x00, 0xF8, 0x00,
	0x00, 0x00, 0x00, 0xF8, 0x00, 0x00, 0x00, 0x00, 0xF8, 0x00, 0x00, 0x00,
	0x00, 0xF8, 0x00, 0x00, 0x00, 0x00, 0xF8, 0x00, 0x00, 0x00, 0x00, 0xF8,
	0x00, 0x00, 0x00, 0x00, 0xF8, 0x00, 0x00, 0x00, 0x00, 0xF8, 0x00, 0x00,
	0x00, 0x00, 0xF8, 0x00, 0x00, 0x00, 0x00, 0xF8, 0x00, 0x00, 0x00, 0x00,
	0xF8, 0x00, 0x00, 0x00, 0x00, 0xF8, 0x00, 0x00, 0x00, 0x00, 0xF8, 0x00,
	0x00, 0x00, 0x00, 0xF8, 0x00, 0x00, 0x00, 0x00, 0xF8, 0x00, 0x00, 0x00,
	0x00, 0xF8, 0x00, 0x00, 0x00, 0x00, 0xF8, 0x00, 0x00, 0x00, 0x00, 0xF8,
	0x00, 0x00, 0x00, 0x00, 0xF8, 0x00, 0x00, 0x00, 0x00, 0xF8, 0x00, 0x00,
	0x00, 0x00, 0xF8, 0x00, 0x00, 0x00, 0x00, 0xF8, 0x00, 0x00, 0x00, 0x00,
	0xF8, 0x00, 0x00, 0x00, 0x00, 0xF8, 0x00, 0x00, 0x00, 0x00, 0xF8, 0x00,
	0x00, 0x00, 0x00, 0xF8, 0x00, 0x00, 0x00, 0x00, 0xF8, 0x00, 0x00, 0x00,
	0x00, 0x70, 0x00, 0x00, 0x00, 0x00, 0x00, 0x00, 0x00, 0x00, 0x00, 0x00,
	0x00, 0x00, 0x00, 0x00, 0x70, 0x00, 0x00, 0x00, 0x00, 0xF8, 0x00, 0x00,
	0x00, 0x00, 0xF8, 0x00, 0x00, 0x00, 0x00, 0xF8, 0x00, 0x00, 0x00, 0x00,
	0x70, 0x00, 0x00, 0x00, 0x00, 0x00, 0x00, 0x00, 0x00, 0x00, 0x00, 0x00,
	0x00, 0x00, 0x00, 0x00, 0x00, 0x00, 0x00, 0x00, 0x00, 0x00, 0x00, 0x00,
	0x00, 0x00, 0x00, 0x00, 0x00, 0x00, 0x00, 0x00, 0x00, 0x00, 0x00, 0x00,
	0x00, 0x00, 0x00, 0x00, 0x00, 0x00, 0x00, 0x00, 0x00, 0x00, 0x00, 0x00,
	0x00
};

// '%', 33x53px
static const unsigned char PROGMEM fd_glyph_37[] = {
	0x00, 0x00, 0x00, 0x00, 0x00, 0x00, 0x00, 0x00, 0x00, 0x00, 0x3E, 0x00,
	0x00, 0x00, 0x00, 0x3E, 0x00, 0x00, 0x00, 0x00, 0x3E, 0x00, 0x00, 0x00,
	0x00, 0x3E, 0x00, 0x00, 0x00, 0x00, 0x3E, 0x00, 0x00, 0x00, 0x00, 0x00,
	0x00, 0x00, 0x00, 0x00, 0x04, 0x00, 0x00, 0x00, 0x00, 0x02, 0x00, 0x00,
	0x00, 0x00, 0x00, 0x00, 0x00, 0x00, 0x00, 0x01, 0x00, 0x00, 0x00, 0x00,
	0x00, 0x80, 0x00, 0x00, 0x00, 0x00, 0x00, 0x00, 0x00, 0x00, 0x00, 0x40,
	0x00, 0x00, 0x00, 0x00, 0x20, 0x00, 0x00, 0x00, 0x00, 0x00, 0x00, 0x00,
	0x00, 0x00, 0x10, 0x00, 0x00, 0x00, 0x00, 0x10, 0x00, 0x00, 0x00, 0x00,
	0x00, 0x00, 0x00, 0x00, 0x00, 0x08, 0x00, 0x00, 0x00, 0x00, 0x04, 0x00,
	0x00, 0x00, 0x00, 0x00, 0x00, 0x00, 0x00, 0x00, 0x02, 0x00, 0x00, 0x00,
	0x00, 0x01, 0x00, 0x00, 0x00, 0x00, 0x00, 0x00, 0x00, 0x00, 0x00, 0x00,
	0x80, 0x00, 0x00, 0x00, 0x00, 0x00, 0x00, 0x00, 0x00, 0x00, 0x40, 0x00,
	0x00, 0x00, 0x00, 0x20, 0x00, 0x00, 0x00, 0x00, 0x00, 0x00, 0x00, 0x00,
	0x00, 0x10, 0x00, 0x00, 0x00, 0x00, 0x08, 0x00, 0x00, 0x00, 0x00, 0x00,
	0x00, 0x00, 0x00, 0x00, 0x04, 0x00, 0x00, 0x00, 0x00, 0x04, 0x00, 0x00,
	0x00, 0x00, 0x00, 0x00, 0x00, 0x00, 0x00, 0x02, 0x00, 0x00, 0x00, 0x00,
	0x01, 0x00, 0x00, 0x00, 0x00, 0x00, 0x00, 0x00, 0x00, 0x00, 0x00, 0x80,
	0x00, 0x00, 0x00, 0x00, 0x40, 0x00, 0x00, 0x00, 0x00, 0x00, 0x00, 0x00,
	0x00, 0x00, 0x20, 0x00, 0x00, 0x00, 0x00, 0x10, 0x00, 0x00, 0x00, 0x00,
	0x00, 0x00, 0x00, 0x00, 0x00, 0x08, 0x00, 0x00, 0x00, 0x00, 0x3E, 0x00,
	0x00, 0x00, 0x00, 0x3E, 0x00, 0x00, 0x00, 0x00, 0x3E, 0x00, 0x00, 0x00,
	0x00, 0x3E, 0x00, 0x00, 0x00, 0x00, 0x3F, 0x00, 0x00, 0x00, 0x00, 0x00,
	0x00
};

// '\'', 33x53px
static const unsigned char PROGMEM fd_glyph_39[] = {
	0x00, 0x00, 0x00, 0x00, 0x00, 0x00, 0x00, 0x00, 0x00, 0x00, 0x00, 0x00,
	0x00, 0x00, 0x00, 0x00, 0x00, 0x00, 0x00, 0x00, 0x00, 0x00, 0x00, 0x00,
	0x00, 0x00, 0x0E, 0x00, 0x00, 0x00, 0x00, 0x1F, 0x00, 0x00, 0x00, 0x00,
	0x1F, 0x00, 0x00, 0x00, 0x00, 0x1F, 0x00, 0x00, 0x00, 0x00, 0x1F, 0x00,
	0x00, 0x00, 0x00, 0x1F, 0x00, 0x00, 0x00, 0x00, 0x0F, 0x00, 0x00, 0x00,
	0x00, 0x07, 0x00, 0x00, 0x00, 0x00, 0x0E, 0x00, 0x00, 0x00, 0x00, 0x06,
	0x00, 0x00, 0x00, 0x00, 0x00, 0x00, 0x00, 0x00, 0x00, 0x00, 0x00, 0x00,
	0x00, 0x00, 0x00, 0x00, 0x00, 0x00, 0x00, 0x00, 0x00, 0x00, 0x00, 0x00,
	0x00, 0x00, 0x00, 0x00, 0x00, 0x00, 0x00, 0x00, 0x00, 0x00, 0x00, 0x00,
	0x00, 0x00, 0x00, 0x00, 0x00, 0x00, 0x00, 0x00, 0x00, 0x00, 0x00, 0x00,
	0x00, 0x00, 0x00, 0x00, 0x00, 0x00, 0x00, 0x00, 0x00, 0x00, 0x00, 0x00,
	0x00, 0x00, 0x00, 0x00, 0x00, 0x00, 0x00, 0x00, 0x00, 0x00, 0x00, 0x00,
	0x00, 0x00, 0x00, 0x00, 0x00, 0x00, 0x00, 0x00, 0x00, 0x00, 0x00, 0x00,
	0x00, 0x00, 0x00, 0x00, 0x00, 0x00, 0x00, 0x00, 0x00, 0x00, 0x00, 0x00,
	0x00, 0x00, 0x00, 0x00, 0x00, 0x00, 0x00, 0x00, 0x00, 0x00, 0x00, 0x00,
	0x00, 0x00, 0x00, 0x00, 0x00, 0x00, 0x00, 0x00, 0x00, 0x00, 0x00, 0x00,
	0x00, 0x00, 0x00, 0x00, 0x00, 0x00, 0x00, 0x00, 0x00, 0x00, 0x00, 0x00,
	0x00, 0x00, 0x00, 0x00, 0x00, 0x00, 0x00, 0x00, 0x00, 0x00, 0x00, 0x00,
	0x00, 0x00, 0x00, 0x00, 0x00, 0x00, 0x00, 0x00, 0x00, 0x00, 0x00, 0x00,
	0x00, 0x00, 0x00, 0x00, 0x00, 0x00, 0x00, 0x00, 0x00, 0x00, 0x00, 0x00,
	0x00, 0x00, 0x00, 0x00, 0x00, 0x00, 0x00, 0x00, 0x00, 0x00, 0x00, 0x00,
	0x00, 0x00, 0x00, 0x00, 0x00, 0x00, 0x00, 0x00, 0x00, 0x00, 0x00, 0x00,
	0x00
};

// '(', 33x53px
static const unsigned char PROGMEM fd_glyph_40[] = {
	0x00, 0x00, 0x00, 0x00, 0x00, 0x00, 0x00, 0x00, 0x00, 0x00, 0x00, 0x00,
	0x00, 0x00, 0x00, 0x00, 0x00, 0x00, 0x00, 0x00, 0x00, 0x00, 0x00, 0x00,
	0x00, 0x00, 0xF8, 0x00, 0x00, 0x00, 0x01, 0xFE, 0x00, 0x00, 0x00, 0x01,
	0xFF, 0x00, 0x00, 0x00, 0x01, 0xFF, 0x80, 0x00, 0x00, 0x01, 0xFF, 0xC0,
	0x00, 0x00, 0x00, 0xFF, 0xC0, 0x00, 0x00, 0x00, 0x0F, 0xE0, 0x00, 0x00,
	0x00, 0x07, 0xE0, 0x00, 0x00, 0x00, 0x07, 0xE0, 0x00, 0x00, 0x00, 0x07,
	0xE0, 0x00, 0x00, 0x00, 0x07, 0xE0, 0x00, 0x00, 0x00, 0x07, 0xE0, 0x00,
	0x00, 0x00, 0x07, 0xE0, 0x00, 0x00, 0x00, 0x07, 0xE0, 0x00, 0x00, 0x00,
	0x07, 0xE0, 0x00, 0x00, 0x00, 0x07, 0xE0, 0x00, 0x00, 0x00, 0x07, 0xE0,
	0x00, 0x00, 0x00, 0x07, 0xE0, 0x00, 0x00, 0x00, 0x07, 0xE0, 0x00, 0x00,
	0x00, 0x07, 0xE0, 0x00, 0x00, 0x00, 0x07, 0xE0, 0x00, 0x00, 0x00, 0x07,
	0xE0, 0x00, 0x00, 0x00, 0x07, 0xE0, 0x00, 0x00, 0x00, 0x07, 0xE0, 0x00,
	0x00, 0x00, 0x07, 0xE0, 0x00, 0x00, 0x00, 0x07, 0xE0, 0x00, 0x00, 0x00,
	0x07, 0xE0, 0x00, 0x00, 0x00, 0x07, 0xE0, 0x00, 0x00, 0x00, 0x07, 0xE0,
	0x00, 0x00, 0x00, 0x07, 0xE0, 0x00, 0x00, 0x00, 0x07, 0xE0, 0x00, 0x00,
	0x00, 0x07, 0xE0, 0x00, 0x00, 0x00, 0x07, 0xE0, 0x00, 0x00, 0x00, 0x07,
	0xE0, 0x00, 0x00, 0x00, 0x07, 0xE0, 0x00, 0x00, 0x00, 0x07, 0xE0, 0x00,
	0x00, 0x00, 0x0F, 0xE0, 0x00, 0x00, 0x00, 0xFF, 0xC0, 0x00, 0x00, 0x01,
	0xFF, 0xC0, 0x00, 0x00, 0x01, 0xFF, 0x80, 0x00, 0x00, 0x01, 0xFF, 0x00,
	0x00, 0x00, 0x01, 0xFE, 0x00, 0x00, 0x00, 0x00, 0xF8, 0x00, 0x00, 0x00,
	0x00, 0x00, 0x00, 0x00, 0x00, 0x00, 0x00, 0x00, 0x00, 0x00, 0x00, 0x00,
	0x00, 0x00, 0x00, 0x00, 0x00, 0x00, 0x00, 0x00, 0x00, 0x00, 0x00, 0x00,
	0x00
};

// ')', 33x53px
static const unsigned char PROGMEM fd_glyph_41[] = {
	0x00, 0x00, 0x00, 0x00, 0x00, 0x00, 0x00, 0x00, 0x00, 0x00, 0x00, 0x00,
	0x00, 0x00, 0x00, 0x00, 0x00, 0x00, 0x00, 0x00, 0x00, 0x00, 0x00, 0x00,
	0x00, 0x00, 0x07, 0xC0, 0x00, 0x00, 0x00, 0x1F, 0xE0, 0x00, 0x00, 0x00,
	0x3F, 0xE0, 0x00, 0x00, 0x00, 0x7F, 0xE0, 0x00, 0x00, 0x00, 0xFF, 0xE0,
	0x00, 0x00, 0x00, 0xFF, 0xC0, 0x00, 0x00, 0x01, 0xFC, 0x00, 0x00, 0x00,
	0x01, 0xF8, 0x00, 0x00, 0x00, 0x01, 0xF8, 0x00, 0x00, 0x00, 0x01, 0xF8,
	0x00, 0x00, 0x00, 0x01, 0xF8, 0x00, 0x00, 0x00, 0x01, 0xF8, 0x00, 0x00,
	0x00, 0x01, 0xF8, 0x00, 0x00, 0x00, 0x01, 0xF8, 0x00, 0x00, 0x00, 0x01,
	0xF8, 0x00, 0x00, 0x00, 0x01, 0xF8, 0x00, 0x00, 0x00, 0x01, 0xF8, 0x00,
	0x00, 0x00, 0x01, 0xF8, 0x00, 0x00, 0x00, 0x01, 0xF8, 0x00, 0x00, 0x00,
	0x01, 0xF8, 0x00, 0x00, 0x00, 0x01, 0xF8, 0x00, 0x00, 0x00, 0x01, 0xF8,
	0x00, 0x00, 0x00, 0x01, 0xF8, 0x00, 0x00, 0x00, 0x01, 0xF8, 0x00, 0x00,
	0x00, 0x01, 0xF8, 0x00, 0x00, 0x00, 0x01, 0xF8, 0x00, 0x00, 0x00, 0x01,
	0xF8, 0x00, 0x00, 0x00, 0x01, 0xF8, 0x00, 0x00, 0x00, 0x01, 0xF8, 0x00,
	0x00, 0x00, 0x01, 0xF8, 0x00, 0x00, 0x00, 0x01, 0xF8, 0x00, 0x00, 0x00,
	0x01, 0xF8, 0x00, 0x00, 0x00, 0x01, 0xF8, 0x00, 0x00, 0x00, 0x01, 0xF8,
	0x00, 0x00, 0x00, 0x01, 0xF8, 0x00, 0x00, 0x00, 0x01, 0xF8, 0x00, 0x00,
	0x00, 0x01, 0xFC, 0x00, 0x00, 0x00, 0x00, 0xFF, 0xC0, 0x00, 0x00, 0x00,
	0xFF, 0xE0, 0x00, 0x00, 0x00, 0x7F, 0xE0, 0x00, 0x00, 0x00, 0x3F, 0xE0,
	0x00, 0x00, 0x00, 0x1F, 0xE0, 0x00, 0x00, 0x00, 0x07, 0xC0, 0x00, 0x00,
	0x00, 0x00, 0x00, 0x00, 0x00, 0x00, 0x00, 0x00, 0x00, 0x00, 0x00, 0x00,
	0x00, 0x00, 0x00, 0x00, 0x00, 0x00, 0x00, 0x00, 0x00, 0x00, 0x00, 0x00,
	0x00
};

// ',', 33x53px
static const unsigned char PROGMEM fd_glyph_44[] = {
	0x00, 0x00, 0x00, 0x00, 0x00, 0x00, 0x00, 0x00, 0x00, 0x00, 0x00, 0x00,
	0x00, 0x00, 0x00, 0x00, 0x00, 0x00, 0x00, 0x00, 0x00, 0x00, 0x00, 0x00,
	0x00, 0x00, 0x00, 0x00, 0x00, 0x00, 0x00, 0x00, 0x00, 0x00, 0x00, 0x00,
	0x00, 0x00, 0x00, 0x00, 0x00, 0x00, 0x00, 0x00, 0x00, 0x00, 0x00, 0x00,
	0x00, 0x00, 0x00, 0x00, 0x00, 0x00, 0x00, 0x00, 0x00, 0x00, 0x00, 0x00,
	0x00, 0x00, 0x00, 0x00, 0x00, 0x00, 0x00, 0x00, 0x00, 0x00, 0x00, 0x00,
	0x00, 0x00, 0x00, 0x00, 0x00, 0x00, 0x00, 0x00, 0x00, 0x00, 0x00, 0x00,
	0x00, 0x00, 0x00, 0x00, 0x00, 0x00, 0x00, 0x00, 0x00, 0x00, 0x00, 0x00,
	0x00, 0x00, 0x00, 0x00, 0x00, 0x00, 0x00, 0x00, 0x00, 0x00, 0x00, 0x00,
	0x00, 0x00, 0x00, 0x0E, 0x00, 0x00, 0x00, 0x00, 0x1F, 0x00, 0x00, 0x00,
	0x00, 0x1F, 0x00, 0x00, 0x00, 0x00, 0x1F, 0x00, 0x00, 0x00, 0x00, 0x0F,
	0x00, 0x00, 0x00, 0x00, 0x0F, 0x00, 0x00, 0x00, 0x00, 0x0E, 0x00, 0x00,
	0x00, 0x00, 0x00, 0x00, 0x00, 0x00, 0x00, 0x00, 0x00, 0x00, 0x00, 0x00,
	0x00, 0x00, 0x00, 0x00, 0x00, 0x00, 0x00, 0x00, 0x00, 0x00, 0x00, 0x00,
	0x00, 0x00, 0x00, 0x00, 0x00, 0x00, 0x00, 0x00, 0x00, 0x00, 0x00, 0x00,
	0x00, 0x00, 0x00, 0x00, 0x00, 0x00, 0x00, 0x00, 0x00, 0x00, 0x00, 0x00,
	0x00, 0x00, 0x00, 0x00, 0x00, 0x00, 0x00, 0x00, 0x00, 0x00, 0x00, 0x00,
	0x00, 0x00, 0x00, 0x00, 0x00, 0x00, 0x00, 0x00, 0x00, 0x00, 0x00, 0x00,
	0x00, 0x00, 0x00, 0x00, 0x00, 0x00, 0x00, 0x00, 0x00, 0x00, 0x00, 0x00,
	0x00, 0x00, 0x00, 0x00, 0x00, 0x00, 0x00, 0x00, 0x00, 0x00, 0x00, 0x00,
	0x00, 0x00, 0x00, 0x00, 0x00, 0x00, 0x00, 0x00, 0x00, 0x00, 0x00, 0x00,
	0x00, 0x00, 0x00, 0x00, 0x00, 0x00, 0x00, 0x00, 0x00, 0x00, 0x00, 0x00,
	0x00
};

// '-', 33x53px
static const unsigned char PROGMEM fd_glyph_45[] = {
	0x00, 0x00, 0x00, 0x00, 0x00, 0x00, 0x00, 0x00, 0x00, 0x00, 0x00, 0x00,
	0x00, 0x00, 0x00, 0x00, 0x00, 0x00, 0x00, 0x00, 0x00, 0x00, 0x00, 0x00,
	0x00, 0x00, 0x00, 0x00, 0x00, 0x00, 0x00, 0x00, 0x00, 0x00, 0x00, 0x00,
	0x00, 0x00, 0x00, 0x00, 0x00, 0x00, 0x00, 0x00, 0x00, 0x00, 0x00, 0x00,
	0x00, 0x00, 0x00, 0x00, 0x00, 0x00, 0x00, 0x00, 0x00, 0x00, 0x00, 0x00,
	0x00, 0x00, 0x00, 0x00, 0x00, 0x00, 0x00, 0x00, 0x00, 0x00, 0x00, 0x00,
	0x00, 0x00, 0x00, 0x00, 0x00, 0x00, 0x00, 0x00, 0x00, 0x00, 0x00, 0x00,
	0x00, 0x00, 0x00, 0x00, 0x00, 0x00, 0x00, 0x00, 0x00, 0x00, 0x00, 0x3F,
	0xFF, 0xFF, 0x80, 0x00, 0x7F, 0xFF, 0xFF, 0xC0, 0x00, 0x7F, 0xFF, 0xFF,
	0xC0, 0x00, 0x7F, 0xFF, 0xFF, 0xC0, 0x00, 0x3F, 0xFF, 0xFF, 0x80, 0x00,
	0x00, 0x00, 0x00, 0x00, 0x00, 0x00, 0x00, 0x00, 0x00, 0x00, 0x00, 0x00,
	0x00, 0x00, 0x00, 0x00, 0x00, 0x00, 0x00, 0x00, 0x00, 0x00, 0x00, 0x00,
	0x00, 0x00, 0x00, 0x00, 0x00, 0x00, 0x00, 0x00, 0x00, 0x00, 0x00, 0x00,
	0x00, 0x00, 0x00, 0x00, 0x00, 0x00, 0x00, 0x00, 0x00, 0x00, 0x00, 0x00,
	0x00, 0x00, 0x00, 0x00, 0x00, 0x00, 0x00, 0x00, 0x00, 0x00, 0x00, 0x00,
	0x00, 0x00, 0x00, 0x00, 0x00, 0x00, 0x00, 0x00, 0x00, 0x00, 0x00, 0x00,
	0x00, 0x00, 0x00, 0x00, 0x00, 0x00, 0x00, 0x00, 0x00, 0x00, 0x00, 0x00,
	0x00, 0x00, 0x00, 0x00, 0x00, 0x00, 0x00, 0x00, 0x00, 0x00, 0x00, 0x00,
	0x00, 0x00, 0x00, 0x00, 0x00, 0x00, 0x00, 0x00, 0x00, 0x00, 0x00, 0x00,
	0x00, 0x00, 0x00, 0x00, 0x00, 0x00, 0x00, 0x00, 0x00, 0x00, 0x00, 0x00,
	0x00, 0x00, 0x00, 0x00, 0x00, 0x00, 0x00, 0x00, 0x00, 0x00, 0x00, 0x00,
	0x00, 0x00, 0x00, 0x00, 0x00, 0x00, 0x00, 0x00, 0x00, 0x00, 0x00, 0x00,
	0x00
};

// '.', 33x53px
static const unsigned char PROGMEM fd_glyph_46[] = {
	0x00, 0x00, 0x00, 0x00, 0x00, 0x00, 0x00, 0x00, 0x00, 0x00, 0x00, 0x00,
	0x00, 0x00, 0x00, 0x00, 0x00, 0x00, 0x00, 0x00, 0x00, 0x00, 0x00, 0x00,
	0x00, 0x00, 0x00, 0x00, 0x00, 0x00, 0x00, 0x00, 0x00, 0x00, 0x00, 0x00,
	0x00, 0x00, 0x00, 0x00, 0x00, 0x00, 0x00, 0x00, 0x00, 0x00, 0x00, 0x00,
	0x00, 0x00, 0x00, 0x00, 0x00, 0x00, 0x00, 0x00, 0x00, 0x00, 0x00, 0x00,
	0x00, 0x00, 0x00, 0x00, 0x00, 0x00, 0x00, 0x00, 0x00, 0x00, 0x00, 0x00,
	0x00, 0x00, 0x00, 0x00, 0x00, 0x00, 0x00, 0x00, 0x00, 0x00, 0x00, 0x00,
	0x00, 0x00, 0x00, 0x00, 0x00, 0x00, 0x00, 0x00, 0x00, 0x00, 0x00, 0x00,
	0x00, 0x00, 0x00, 0x00, 0x00, 0x00, 0x00, 0x00, 0x00, 0x00, 0x00, 0x00,
	0x00, 0x00, 0x00, 0x00, 0x00, 0x00, 0x00, 0x00, 0x00, 0x00, 0x00, 0x00,
	0x00, 0x0E, 0x00, 0x00, 0x00, 0x00, 0x1F, 0x00, 0x00, 0x00, 0x00, 0x1F,
	0x00, 0x00, 0x00, 0x00, 0x1F, 0x00, 0x00, 0x00, 0x00, 0x0E, 0x00, 0x00,
	0x00, 0x00, 0x00, 0x00, 0x00, 0x00, 0x00, 0x00, 0x00, 0x00, 0x00, 0x00,
	0x00, 0x00, 0x00, 0x00, 0x00, 0x00, 0x00, 0x00, 0x00, 0x00, 0x00, 0x00,
	0x00, 0x00, 0x00, 0x00, 0x00, 0x00, 0x00, 0x00, 0x00, 0x00, 0x00, 0x00,
	0x00, 0x00, 0x00, 0x00, 0x00, 0x00, 0x00, 0x00, 0x00, 0x00, 0x00, 0x00,
	0x00, 0x00, 0x00, 0x00, 0x00, 0x00, 0x00, 0x00, 0x00, 0x00, 0x00, 0x00,
	0x00, 0x00, 0x00, 0x00, 0x00, 0x00, 0x00, 0x00, 0x00, 0x00, 0x00, 0x00,
	0x00, 0x00, 0x00, 0x00, 0x00, 0x00, 0x00, 0x00, 0x00, 0x00, 0x00, 0x00,
	0x00, 0x00, 0x00, 0x00, 0x00, 0x00, 0x00, 0x00, 0x00, 0x00, 0x00, 0x00,
	0x00, 0x00, 0x00, 0x00, 0x00, 0x00, 0x00, 0x00, 0x00, 0x00, 0x00, 0x00,
	0x00, 0x00, 0x00, 0x00, 0x00, 0x00, 0x00, 0x00, 0x00, 0x00, 0x00, 0x00,
	0x00
};

// '/', 33x53px
static const unsigned char PROGMEM fd_glyph_47[] = {
	0x00, 0x00, 0x00, 0x00, 0x00, 0x00, 0x00, 0x00, 0x00, 0x00, 0x00, 0x00,
	0x00, 0x00, 0x00, 0x00, 0x00, 0x00, 0x00, 0x00, 0x00, 0x00, 0x00, 0x00,
	0x00, 0x00, 0x00, 0x00, 0x00, 0x00, 0x00, 0x00, 0x00, 0x00, 0x00, 0x00,
	0x00, 0x00, 0x00, 0x00, 0x00, 0x00, 0x03, 0x80, 0x00, 0x00, 0x00, 0x07,
	0xC0, 0x00, 0x00, 0x00, 0x07, 0xC0, 0x00, 0x00, 0x00, 0x07, 0xC0, 0x00,
	0x00, 0x00, 0x07, 0xC0, 0x00, 0x00, 0x00, 0x07, 0xC0, 0x00, 0x00, 0x00,
	0x07, 0xC0, 0x00, 0x00, 0x00, 0x0F, 0xC0, 0x00, 0x00, 0x00, 0x1F, 0xC0,
	0x00, 0x00, 0x00, 0x3F, 0x80, 0x00, 0x00, 0x00, 0x7F, 0x00, 0x00, 0x00,
	0x00, 0xFE, 0x00, 0x00, 0x00, 0x01, 0xFC, 0x00, 0x00, 0x00, 0x03, 0xF8,
	0x00, 0x00, 0x00, 0x07, 0xF0, 0x00, 0x00, 0x00, 0x0F, 0xE0, 0x00, 0x00,
	0x00, 0x1F, 0xC0, 0x00, 0x00, 0x00, 0x3F, 0x80, 0x00, 0x00, 0x00, 0x7F,
	0x00, 0x00, 0x00, 0x00, 0xFE, 0x00, 0x00, 0x00, 0x01, 0xFC, 0x00, 0x00,
	0x00, 0x03, 0xF8, 0x00, 0x00, 0x00, 0x07, 0xF0, 0x00, 0x00, 0x00, 0x0F,
	0xE0, 0x00, 0x00, 0x00, 0x1F, 0xC0, 0x00, 0x00, 0x00, 0x3F, 0x80, 0x00,
	0x00, 0x00, 0x3F, 0x00, 0x00, 0x00, 0x00, 0x7E, 0x00, 0x00, 0x00, 0x00,
	0x7C, 0x00, 0x00, 0x00, 0x00, 0x7C, 0x00, 0x00, 0x00, 0x00, 0x7C, 0x00,
	0x00, 0x00, 0x00, 0x7C, 0x00, 0x00, 0x00, 0x00, 0x7C, 0x00, 0x00, 0x00,
	0x00, 0x7C, 0x00, 0x00, 0x00, 0x00, 0x7C, 0x00, 0x00, 0x00, 0x00, 0x38,
	0x00, 0x00, 0x00, 0x00, 0x00, 0x00, 0x00, 0x00, 0x00, 0x00, 0x00, 0x00,
	0x00, 0x00, 0x00, 0x00, 0x00, 0x00, 0x00, 0x00, 0x00, 0x00, 0x00, 0x00,
	0x00, 0x00, 0x00, 0x00, 0x00, 0x00, 0x00, 0x00, 0x00, 0x00, 0x00, 0x00,
	0x00, 0x00, 0x00, 0x00, 0x00, 0x00, 0x00, 0x00, 0x00, 0x00, 0x00, 0x00,
	0x00
};

// '0', 33x53px
static const unsigned char PROGMEM fd_glyph_48[] = {
	0x1F, 0xFF, 0xFF, 0xFC, 0x00, 0x1F, 0xFF, 0xFF, 0xFC, 0x00, 0x1F, 0xFF,
	0xFF, 0xFC, 0x00, 0xFF, 0xFF, 0xFF, 0xFF, 0x80, 0xFF, 0xFF, 0xFF, 0xFF,
	0x80, 0xFF, 0xFF, 0xFF, 0xFF, 0x80, 0xFC, 0x00, 0x00, 0x1F, 0x80, 0xFC,
	0x00, 0x00, 0x1F, 0x80, 0xFC, 0x00, 0x00, 0x1F, 0x80, 0xFC, 0x00, 0x00,
	0x1F, 0x80, 0xFC, 0x00, 0x00, 0x1F, 0x80, 0xFC, 0x00, 0x00, 0x1F, 0x80,
	0xFC, 0x00, 0x00, 0x1F, 0x80, 0xFC, 0x00, 0x00, 0x1F, 0x80, 0xFC, 0x00,
	0x00, 0x1F, 0x80, 0xFC, 0x00, 0x00, 0x1F, 0x80, 0xFC, 0x00, 0x00, 0x1F,
	0x80, 0xFC, 0x00, 0x00, 0x1F, 0x80, 0xFC, 0x00, 0x00, 0x1F, 0x80, 0xFC,
	0x00, 0x00, 0x1F, 0x80, 0xFC, 0x00, 0x00, 0x1F, 0x80, 0xFC, 0x00, 0x00,
	0x1F, 0x80, 0xFC, 0x00, 0x00, 0x1F, 0x80, 0xFC, 0x00, 0x00, 0x1F, 0x80,
	0xFC, 0x00, 0x00, 0x1F, 0x80, 0xFC, 0x00, 0x00, 0x1F, 0x80, 0xFC, 0x00,
	0x00, 0x1F, 0x80, 0xFC, 0x00, 0x00, 0x1F, 0x80, 0xFC, 0x00, 0x00, 0x1F,
	0x80, 0xFC, 0x00, 0x00, 0x1F, 0x80, 0xFC, 0x00, 0x00, 0x1F, 0x80, 0xFC,
	0x00, 0x00, 0x1F, 0x80, 0xFC, 0x00, 0x00, 0x1F, 0x80, 0xFC, 0x00, 0x00,
	0x1F, 0x80, 0xFC, 0x00, 0x00, 0x1F, 0x80, 0xFC, 0x00, 0x00, 0x1F, 0x80,
	0xFC, 0x00, 0x00, 0x1F, 0x80, 0xFC, 0x00, 0x00, 0x1F, 0x80, 0xFC, 0x00,
	0x00, 0x1F, 0x80, 0xFC, 0x00, 0x00, 0x1F, 0x80, 0xFC, 0x00, 0x00, 0x1F,
	0x80, 0xFC, 0x00, 0x00, 0x1F, 0x80, 0xFC, 0x00, 0x00, 0x1F, 0x80, 0xFC,
	0x00, 0x00, 0x1F, 0x80, 0xFC, 0x00, 0x00, 0x1F, 0x80, 0xFC, 0x00, 0x00,
	0x1F, 0x80, 0xFC, 0x00, 0x00, 0x1F, 0x80, 0xFF, 0xFF, 0xFF, 0xFF, 0x80,
	0xFF, 0xFF, 0xFF, 0xFF, 0x80, 0xFF, 0xFF, 0xFF, 0xFF, 0x80, 0x1F, 0xFF,
	0xFF, 0xFC, 0x00, 0x1F, 0xFF, 0xFF, 0xFC, 0x00, 0x1F, 0xFF, 0xFF, 0xFC,
	0x00
};

// '1', 33x53px
static const unsigned char PROGMEM fd_glyph_49[] = {
	0x00, 0x00, 0x00, 0x00, 0x00, 0x00, 0x00, 0x00, 0x00, 0x00, 0x00, 0x00,
	0x00, 0x00, 0x00, 0x00, 0x00, 0x00, 0x1F, 0x80, 0x00, 0x00, 0x00, 0x1F,
	0x80, 0x00, 0x00, 0x00, 0x1F, 0x80, 0x00, 0x00, 0x00, 0x1F, 0x80, 0x00,
	0x00, 0x00, 0x1F, 0x80, 0x00, 0x00, 0x00, 0x1F, 0x80, 0x00, 0x00, 0x00,
	0x1F, 0x80, 0x00, 0x00, 0x00, 0x1F, 0x80, 0x00, 0x00, 0x00, 0x1F, 0x80,
	0x00, 0x00, 0x00, 0x1F, 0x80, 0x00, 0x00, 0x00, 0x1F, 0x80, 0x00, 0x00,
	0x00, 0x1F, 0x80, 0x00, 0x00, 0x00, 0x1F, 0x80, 0x00, 0x00, 0x00, 0x1F,
	0x80, 0x00, 0x00, 0x00, 0x1F, 0x80, 0x00, 0x00, 0x00, 0x1F, 0x80, 0x00,
	0x00, 0x00, 0x1F, 0x80, 0x00, 0x00, 0x00, 0x1F, 0x80, 0x00, 0x00, 0x00,
	0x1F, 0x80, 0x00, 0x00, 0x00, 0x1F, 0x80, 0x00, 0x00, 0x00, 0x1F, 0x80,
	0x00, 0x00, 0x00, 0x1F, 0x80, 0x00, 0x00, 0x00, 0x1F, 0x80, 0x00, 0x00,
	0x00, 0x1F, 0x80, 0x00, 0x00, 0x00, 0x1F, 0x80, 0x00, 0x00, 0x00, 0x1F,
	0x80, 0x00, 0x00, 0x00, 0x1F, 0x80, 0x00, 0x00, 0x00, 0x1F, 0x80, 0x00,
	0x00, 0x00, 0x1F, 0x80, 0x00, 0x00, 0x00, 0x1F, 0x80, 0x00, 0x00, 0x00,
	0x1F, 0x80, 0x00, 0x00, 0x00, 0x1F, 0x80, 0x00, 0x00, 0x00, 0x1F, 0x80,
	0x00, 0x00, 0x00, 0x1F, 0x80, 0x00, 0x00, 0x00, 0x1F, 0x80, 0x00, 0x00,
	0x00, 0x1F, 0x80, 0x00, 0x00, 0x00, 0x1F, 0x80, 0x00, 0x00, 0x00, 0x1F,
	0x80, 0x00, 0x00, 0x00, 0x1F, 0x80, 0x00, 0x00, 0x00, 0x1F, 0x80, 0x00,
	0x00, 0x00, 0x1F, 0x80, 0x00, 0x00, 0x00, 0x1F, 0x80, 0x00, 0x00, 0x00,
	0x1F, 0x80, 0x00, 0x00, 0x00, 0x1F, 0x80, 0x00, 0x00, 0x00, 0x1F, 0x80,
	0x00, 0x00, 0x00, 0x1F, 0x80, 0x00, 0x00, 0x00, 0x1F, 0x80, 0x00, 0x00,
	0x00, 0x00, 0x00, 0x00, 0x00, 0x00, 0x00, 0x00, 0x00, 0x00, 0x00, 0x00,
	0x00
};

// '2', 33x53px
static const unsigned char PROGMEM fd_glyph_50[] = {
	0x1F, 0xFF, 0xFF, 0xFC, 0x00, 0x1F, 0xFF, 0xFF, 0xFC, 0x00, 0x1F, 0xFF,
	0xFF, 0xFC, 0x00, 0x1F, 0xFF, 0xFF, 0xFF, 0x80, 0x1F, 0xFF, 0xFF, 0xFF,
	0x80, 0x1F, 0xFF, 0xFF, 0xFF, 0x80, 0x00, 0x00, 0x00, 0x1F, 0x80, 0x00,
	0x00, 0x00, 0x1F, 0x80, 0x00, 0x00, 0x00, 0x1F, 0x80, 0x00, 0x00, 0x00,
	0x1F, 0x80, 0x00, 0x00, 0x00, 0x1F, 0x80, 0x00, 0x00, 0x00, 0x1F, 0x80,
	0x00, 0x00, 0x00, 0x1F, 0x80, 0x00, 0x00, 0x00, 0x1F, 0x80, 0x00, 0x00,
	0x00, 0x1F, 0x80, 0x00, 0x00, 0x00, 0x1F, 0x80, 0x00, 0x00, 0x00, 0x1F,
	0x80, 0x00, 0x00, 0x00, 0x1F, 0x80, 0x00, 0x00, 0x00, 0x1F, 0x80, 0x00,
	0x00, 0x00, 0x1F, 0x80, 0x00, 0x00, 0x00, 0x1F, 0x80, 0x00, 0x00, 0x00,
	0x1F, 0x80, 0x00, 0x00, 0x00, 0x1F, 0x80, 0x1F, 0xFF, 0xFF, 0xFF, 0x80,
	0x1F, 0xFF, 0xFF, 0xFF, 0x80, 0x1F, 0xFF, 0xFF, 0xFF, 0x80, 0xFF, 0xFF,
	0xFF, 0xFF, 0x80, 0xFF, 0xFF, 0xFF, 0xFC, 0x00, 0xFF, 0xFF, 0xFF, 0xFC,
	0x00, 0xFC, 0x00, 0x00, 0x00, 0x00, 0xFC, 0x00, 0x00, 0x00, 0x00, 0xFC,
	0x00, 0x00, 0x00, 0x00, 0xFC, 0x00, 0x00, 0x00, 0x00, 0xFC, 0x00, 0x00,
	0x00, 0x00, 0xFC, 0x00, 0x00, 0x00, 0x00, 0xFC, 0x00, 0x00, 0x00, 0x00,
	0xFC, 0x00, 0x00, 0x00, 0x00, 0xFC, 0x00, 0x00, 0x00, 0x00, 0xFC, 0x00,
	0x00, 0x00, 0x00, 0xFC, 0x00, 0x00, 0x00, 0x00, 0xFC, 0x00, 0x00, 0x00,
	0x00, 0xFC, 0x00, 0x00, 0x00, 0x00, 0xFC, 0x00, 0x00, 0x00, 0x00, 0xFC,
	0x00, 0x00, 0x00, 0x00, 0xFC, 0x00, 0x00, 0x00, 0x00, 0xFC, 0x00, 0x00,
	0x00, 0x00, 0xFC, 0x00, 0x00, 0x00, 0x00, 0xFF, 0xFF, 0xFF, 0xFC, 0x00,
	0xFF, 0xFF, 0xFF, 0xFC, 0x00, 0xFF, 0xFF, 0xFF, 0xFC, 0x00, 0x1F, 0xFF,
	0xFF, 0xFC, 0x00, 0x1F, 0xFF, 0xFF, 0xFC, 0x00, 0x1F, 0xFF, 0xFF, 0xFC,
	0x00
};

// '3', 33x53px
static const unsigned char PROGMEM fd_glyph_51[] = {
	0x1F, 0xFF, 0xFF, 0xFC, 0x00, 0x1F, 0xFF, 0xFF, 0xFC, 0x00, 0x1F, 0xFF,
	0xFF, 0xFC, 0x00, 0x1F, 0xFF, 0xFF, 0xFF, 0x80, 0x1F, 0xFF, 0xFF, 0xFF,
	0x80, 0x1F, 0xFF, 0xFF, 0xFF, 0x80, 0x00, 0x00, 0x00, 0x1F, 0x80, 0x00,
	0x00, 0x00, 0x1F, 0x80, 0x00, 0x00, 0x00, 0x1F, 0x80, 0x00, 0x00, 0x00,
	0x1F, 0x80, 0x00, 0x00, 0x00, 0x1F, 0x80, 0x00, 0x00, 0x00, 0x1F, 0x80,
	0x00, 0x00, 0x00, 0x1F, 0x80, 0x00, 0x00, 0x00, 0x1F, 0x80, 0x00, 0x00,
	0x00, 0x1F, 0x80, 0x00, 0x00, 0x00, 0x1F, 0x80, 0x00, 0x00, 0x00, 0x1F,
	0x80, 0x00, 0x00, 0x00, 0x1F, 0x80, 0x00, 0x00, 0x00, 0x1F, 0x80, 0x00,
	0x00, 0x00, 0x1F, 0x80, 0x00, 0x00, 0x00, 0x1F, 0x80, 0x00, 0x00, 0x00,
	0x1F, 0x80, 0x00, 0x00, 0x00, 0x1F, 0x80, 0x1F, 0xFF, 0xFF, 0xFF, 0x80,
	0x1F, 0xFF, 0xFF, 0xFF, 0x80, 0x1F, 0xFF, 0xFF, 0xFF, 0x80, 0x1F, 0xFF,
	0xFF, 0xFF, 0x80, 0x1F, 0xFF, 0xFF, 0xFF, 0x80, 0x1F, 0xFF, 0xFF, 0xFF,
	0x80, 0x00, 0x00, 0x00, 0x1F, 0x80, 0x00, 0x00, 0x00, 0x1F, 0x80, 0x00,
	0x00, 0x00, 0x1F, 0x80, 0x00, 0x00, 0x00, 0x1F, 0x80, 0x00, 0x00, 0x00,
	0x1F, 0x80, 0x00, 0x00, 0x00, 0x1F, 0x80, 0x00, 0x00, 0x00, 0x1F, 0x80,
	0x00, 0x00, 0x00, 0x1F, 0x80, 0x00, 0x00, 0x00, 0x1F, 0x80, 0x00, 0x00,
	0x00, 0x1F, 0x80, 0x00, 0x00, 0x00, 0x1F, 0x80, 0x00, 0x00, 0x00, 0x1F,
	0x80, 0x00, 0x00, 0x00, 0x1F, 0x80, 0x00, 0x00, 0x00, 0x1F, 0x80, 0x00,
	0x00, 0x00, 0x1F, 0x80, 0x00, 0x00, 0x00, 0x1F, 0x80, 0x00, 0x00, 0x00,
	0x1F, 0x80, 0x00, 0x00, 0x00, 0x1F, 0x80, 0x1F, 0xFF, 0xFF, 0xFF, 0x80,
	0x1F, 0xFF, 0xFF, 0xFF, 0x80, 0x1F, 0xFF, 0xFF, 0xFF, 0x80, 0x1F, 0xFF,
	0xFF, 0xFC, 0x00, 0x1F, 0xFF, 0xFF, 0xFC, 0x00, 0x1F, 0xFF, 0xFF, 0xFC,
	0x00
};

// '4', 33x53px
static const unsigned char PROGMEM fd_glyph_52[] = {
	0x00, 0x00, 0x00, 0x00, 0x00, 0x00, 0x00, 0x00, 0x00, 0x00, 0x00, 0x00,
	0x00, 0x00, 0x00, 0xFC, 0x00, 0x00, 0x1F, 0x80, 0xFC, 0x00, 0x00, 0x1F,
	0x80, 0xFC, 0x00, 0x00, 0x1F, 0x80, 0xFC, 0x00, 0x00, 0x1F, 0x80, 0xFC,
	0x00, 0x00, 0x1F, 0x80, 0xFC, 0x00, 0x00, 0x1F, 0x80, 0xFC, 0x00, 0x00,
	0x1F, 0x80, 0xFC, 0x00, 0x00, 0x1F, 0x80, 0xFC, 0x00, 0x00, 0x1F, 0x80,
	0xFC, 0x00, 0x00, 0x1F, 0x80, 0xFC, 0x00, 0x00, 0x1F, 0x80, 0xFC, 0x00,
	0x00, 0x1F, 0x80, 0xFC, 0x00, 0x00, 0x1F, 0x80, 0xFC, 0x00, 0x00, 0x1F,
	0x80, 0xFC, 0x00, 0x00, 0x1F, 0x80, 0xFC, 0x00, 0x00, 0x1F, 0x80, 0xFC,
	0x00, 0x00, 0x1F, 0x80, 0xFC, 0x00, 0x00, 0x1F, 0x80, 0xFC, 0x00, 0x00,
	0x1F, 0x80, 0xFC, 0x00, 0x00, 0x1F, 0x80, 0xFF, 0xFF, 0xFF, 0xFF, 0x80,
	0xFF, 0xFF, 0xFF, 0xFF, 0x80, 0xFF, 0xFF, 0xFF, 0xFF, 0x80, 0xFF, 0xFF,
	0xFF, 0xFF, 0x80, 0x1F, 0xFF, 0xFF, 0xFF, 0x80, 0x1F, 0xFF, 0xFF, 0xFF,
	0x80, 0x00, 0x00, 0x00, 0x1F, 0x80, 0x00, 0x00, 0x00, 0x1F, 0x80, 0x00,
	0x00, 0x00, 0x1F, 0x80, 0x00, 0x00, 0x00, 0x1F, 0x80, 0x00, 0x00, 0x00,
	0x1F, 0x80, 0x00, 0x00, 0x00, 0x1F, 0x80, 0x00, 0x00, 0x00, 0x1F, 0x80,
	0x00, 0x00, 0x00, 0x1F, 0x80, 0x00, 0x00, 0x00, 0x1F, 0x80, 0x00, 0x00,
	0x00, 0x1F, 0x80, 0x00, 0x00, 0x00, 0x1F, 0x80, 0x00, 0x00, 0x00, 0x1F,
	0x80, 0x00, 0x00, 0x00, 0x1F, 0x80, 0x00, 0x00, 0x00, 0x1F, 0x80, 0x00,
	0x00, 0x00, 0x1F, 0x80, 0x00, 0x00, 0x00, 0x1F, 0x80, 0x00, 0x00, 0x00,
	0x1F, 0x80, 0x00, 0x00, 0x00, 0x1F, 0x80, 0x00, 0x00, 0x00, 0x1F, 0x80,
	0x00, 0x00, 0x00, 0x1F, 0x80, 0x00, 0x00, 0x00, 0x1F, 0x80, 0x00, 0x00,
	0x00, 0x00, 0x00, 0x00, 0x00, 0x00, 0x00, 0x00, 0x00, 0x00, 0x00, 0x00,
	0x00
};

// '5', 33x53px
static const unsigned char PROGMEM fd_glyph_53[] = {
	0x1F, 0xFF, 0xFF, 0xFC, 0x00, 0x1F, 0xFF, 0xFF, 0xFC, 0x00, 0x1F, 0xFF,
	0xFF, 0xFC, 0x00, 0xFF, 0xFF, 0xFF, 0xFC, 0x00, 0xFF, 0xFF, 0xFF, 0xFC,
	0x00, 0xFF, 0xFF, 0xFF, 0xFC, 0x00, 0xFC, 0x00, 0x00, 0x00, 0x00, 0xFC,
	0x00, 0x00, 0x00, 0x00, 0xFC, 0x00, 0x00, 0x00, 0x00, 0xFC, 0x00, 0x00,
	0x00, 0x00, 0xFC, 0x00, 0x00, 0x00, 0x00, 0xFC, 0x00, 0x00, 0x00, 0x00,
	0xFC, 0x00, 0x00, 0x00, 0x00, 0xFC, 0x00, 0x00, 0x00, 0x00, 0xFC, 0x00,
	0x00, 0x00, 0x00, 0xFC, 0x00, 0x00, 0x00, 0x00, 0xFC, 0x00, 0x00, 0x00,
	0x00, 0xFC, 0x00, 0x00, 0x00, 0x00, 0xFC, 0x00, 0x00, 0x00, 0x00, 0xFC,
	0x00, 0x00, 0x00, 0x00, 0xFC, 0x00, 0x00, 0x00, 0x00, 0xFC, 0x00, 0x00,
	0x00, 0x00, 0xFC, 0x00, 0x00, 0x00, 0x00, 0xFF, 0xFF, 0xFF, 0xFC, 0x00,
	0xFF, 0xFF, 0xFF, 0xFC, 0x00, 0xFF, 0xFF, 0xFF, 0xFC, 0x00, 0xFF, 0xFF,
	0xFF, 0xFF, 0x80, 0x1F, 0xFF, 0xFF, 0xFF, 0x80, 0x1F, 0xFF, 0xFF, 0xFF,
	0x80, 0x00, 0x00, 0x00, 0x1F, 0x80, 0x00, 0x00, 0x00, 0x1F, 0x80, 0x00,
	0x00, 0x00, 0x1F, 0x80, 0x00, 0x00, 0x00, 0x1F, 0x80, 0x00, 0x00, 0x00,
	0x1F, 0x80, 0x00, 0x00, 0x00, 0x1F, 0x80, 0x00, 0x00, 0x00, 0x1F, 0x80,
	0x00, 0x00, 0x00, 0x1F, 0x80, 0x00, 0x00, 0x00, 0x1F, 0x80, 0x00, 0x00,
	0x00, 0x1F, 0x80, 0x00, 0x00, 0x00, 0x1F, 0x80, 0x00, 0x00, 0x00, 0x1F,
	0x80, 0x00, 0x00, 0x00, 0x1F, 0x80, 0x00, 0x00, 0x00, 0x1F, 0x80, 0x00,
	0x00, 0x00, 0x1F, 0x80, 0x00, 0x00, 0x00, 0x1F, 0x80, 0x00, 0x00, 0x00,
	0x1F, 0x80, 0x00, 0x00, 0x00, 0x1F, 0x80, 0x1F, 0xFF, 0xFF, 0xFF, 0x80,
	0x1F, 0xFF, 0xFF, 0xFF, 0x80, 0x1F, 0xFF, 0xFF, 0xFF, 0x80, 0x1F, 0xFF,
	0xFF, 0xFC, 0x00, 0x1F, 0xFF, 0xFF, 0xFC, 0x00, 0x1F, 0xFF, 0xFF, 0xFC,
	0x00
};

// '6', 33x53px
static const unsigned char PROGMEM fd_glyph_54[] = {
	0x1F, 0xFF, 0xFF, 0xFC, 0x00, 0x1F, 0xFF, 0xFF, 0xFC, 0x00, 0x1F, 0xFF,
	0xFF, 0xFC, 0x00, 0xFF, 0xFF, 0xFF, 0xFC, 0x00, 0xFF, 0xFF, 0xFF, 0xFC,
	0x00, 0xFF, 0xFF, 0xFF, 0xFC, 0x00, 0xFC, 0x00, 0x00, 0x00, 0x00, 0xFC,
	0x00, 0x00, 0x00, 0x00, 0xFC, 0x00, 0x00, 0x00, 0x00, 0xFC, 0x00, 0x00,
	0x00, 0x00, 0xFC, 0x00, 0x00, 0x00, 0x00, 0xFC, 0x00, 0x00, 0x00, 0x00,
	0xFC, 0x00, 0x00, 0x00, 0x00, 0xFC, 0x00, 0x00, 0x00, 0x00, 0xFC, 0x00,
	0x00, 0x00, 0x00, 0xFC, 0x00, 0x00, 0x00, 0x00, 0xFC, 0x00, 0x00, 0x00,
	0x00, 0xFC, 0x00, 0x00, 0x00, 0x00, 0xFC, 0x00, 0x00, 0x00, 0x00, 0xFC,
	0x00, 0x00, 0x00, 0x00, 0xFC, 0x00, 0x00, 0x00, 0x00, 0xFC, 0x00, 0x00,
	0x00, 0x00, 0xFC, 0x00, 0x00, 0x00, 0x00, 0xFF, 0xFF, 0xFF, 0xFC, 0x00,
	0xFF, 0xFF, 0xFF, 0xFC, 0x00, 0xFF, 0xFF, 0xFF, 0xFC, 0x00, 0xFF, 0xFF,
	0xFF, 0xFF, 0x80, 0xFF, 0xFF, 0xFF, 0xFF, 0x80, 0xFF, 0xFF, 0xFF, 0xFF,
	0x80, 0xFC, 0x00, 0x00, 0x1F, 0x80, 0xFC, 0x00, 0x00, 0x1F, 0x80, 0xFC,
	0x00, 0x00, 0x1F, 0x80, 0xFC, 0x00, 0x00, 0x1F, 0x80, 0xFC, 0x00, 0x00,
	0x1F, 0x80, 0xFC, 0x00, 0x00, 0x1F, 0x80, 0xFC, 0x00, 0x00, 0x1F, 0x80,
	0xFC, 0x00, 0x00, 0x1F, 0x80, 0xFC, 0x00, 0x00, 0x1F, 0x80, 0xFC, 0x00,
	0x00, 0x1F, 0x80, 0xFC, 0x00, 0x00, 0x1F, 0x80, 0xFC, 0x00, 0x00, 0x1F,
	0x80, 0xFC, 0x00, 0x00, 0x1F, 0x80, 0xFC, 0x00, 0x00, 0x1F, 0x80, 0xFC,
	0x00, 0x00, 0x1F, 0x80, 0xFC, 0x00, 0x00, 0x1F, 0x80, 0xFC, 0x00, 0x00,
	0x1F, 0x80, 0xFC, 0x00, 0x00, 0x1F, 0x80, 0xFF, 0xFF, 0xFF, 0xFF, 0x80,
	0xFF, 0xFF, 0xFF, 0xFF, 0x80, 0xFF, 0xFF, 0xFF, 0xFF, 0x80, 0x1F, 0xFF,
	0xFF, 0xFC, 0x00, 0x1F, 0xFF, 0xFF, 0xFC, 0x00, 0x1F, 0xFF, 0xFF, 0xFC,
	0x00
};

// '7', 33x53px
static const unsigned char PROGMEM fd_glyph_55[] = {
	0x1F, 0xFF, 0xFF, 0xFC, 0x00, 0x1F, 0xFF, 0xFF, 0xFC, 0x00, 0x1F, 0xFF,
	0xFF, 0xFC, 0x00, 0x1F, 0xFF, 0xFF, 0xFF, 0x80, 0x1F, 0xFF, 0xFF, 0xFF,
	0x80, 0x1F, 0xFF, 0xFF, 0xFF, 0x80, 0x00, 0x00, 0x00, 0x1F, 0x80, 0x00,
	0x00, 0x00, 0x1F, 0x80, 0x00, 0x00, 0x00, 0x1F, 0x80, 0x00, 0x00, 0x00,
	0x1F, 0x80, 0x00, 0x00, 0x00, 0x1F, 0x80, 0x00, 0x00, 0x00, 0x1F, 0x80,
	0x00, 0x00, 0x00, 0x1F, 0x80, 0x00, 0x00, 0x00, 0x1F, 0x80, 0x00, 0x00,
	0x00, 0x1F, 0x80, 0x00, 0x00, 0x00, 0x1F, 0x80, 0x00, 0x00, 0x00, 0x1F,
	0x80, 0x00, 0x00, 0x00, 0x1F, 0x80, 0x00, 0x00, 0x00, 0x1F, 0x80, 0x00,
	0x00, 0x00, 0x1F, 0x80, 0x00, 0x00, 0x00, 0x1F, 0x80, 0x00, 0x00, 0x00,
	0x1F, 0x80, 0x00, 0x00, 0x00, 0x1F, 0x80, 0x00, 0x00, 0x00, 0x1F, 0x80,
	0x00, 0x00, 0x00, 0x1F, 0x80, 0x00, 0x00, 0x00, 0x1F, 0x80, 0x00, 0x00,
	0x00, 0x1F, 0x80, 0x00, 0x00, 0x00, 0x1F, 0x80, 0x00, 0x00, 0x00, 0x1F,
	0x80, 0x00, 0x00, 0x00, 0x1F, 0x80, 0x00, 0x00, 0x00, 0x1F, 0x80, 0x00,
	0x00, 0x00, 0x1F, 0x80, 0x00, 0x00, 0x00, 0x1F, 0x80, 0x00, 0x00, 0x00,
	0x1F, 0x80, 0x00, 0x00, 0x00, 0x1F, 0x80, 0x00, 0x00, 0x00, 0x1F, 0x80,
	0x00, 0x00, 0x00, 0x1F, 0x80, 0x00, 0x00, 0x00, 0x1F, 0x80, 0x00, 0x00,
	0x00, 0x1F, 0x80, 0x00, 0x00, 0x00, 0x1F, 0x80, 0x00, 0x00, 0x00, 0x1F,
	0x80, 0x00, 0x00, 0x00, 0x1F, 0x80, 0x00, 0x00, 0x00, 0x1F, 0x80, 0x00,
	0x00, 0x00, 0x1F, 0x80, 0x00, 0x00, 0x00, 0x1F, 0x80, 0x00, 0x00, 0x00,
	0x1F, 0x80, 0x00, 0x00, 0x00, 0x1F, 0x80, 0x00, 0x00, 0x00, 0x1F, 0x80,
	0x00, 0x00, 0x00, 0x1F, 0x80, 0x00, 0x00, 0x00, 0x1F, 0x80, 0x00, 0x00,
	0x00, 0x00, 0x00, 0x00, 0x00, 0x00, 0x00, 0x00, 0x00, 0x00, 0x00, 0x00,
	0x00
};

// '8', 33x53px
static const unsigned char PROGMEM fd_glyph_56[] = {
	0x1F, 0xFF, 0xFF, 0xFC, 0x00, 0x1F, 0xFF, 0xFF, 0xFC, 0x00, 0x1F, 0xFF,
	0xFF, 0xFC, 0x00, 0xFF, 0xFF, 0xFF, 0xFF, 0x80, 0xFF, 0xFF, 0xFF, 0xFF,
	0x80, 0xFF, 0xFF, 0xFF, 0xFF, 0x80, 0xFC, 0x00, 0x00, 0x1F, 0x80, 0xFC,
	0x00, 0x00, 0x1F, 0x80, 0xFC, 0x00, 0x00, 0x1F, 0x80, 0xFC, 0x00, 0x00,
	0x1F, 0x80, 0xFC, 0x00, 0x00, 0x1F, 0x80, 0xFC, 0x00, 0x00, 0x1F, 0x80,
	0xFC, 0x00, 0x00, 0x1F, 0x80, 0xFC, 0x00, 0x00, 0x1F, 0x80, 0xFC, 0x00,
	0x00, 0x1F, 0x80, 0xFC, 0x00, 0x00, 0x1F, 0x80, 0xFC, 0x00, 0x00, 0x1F,
	0x80, 0xFC, 0x00, 0x00, 0x1F, 0x80, 0xFC, 0x00, 0x00, 0x1F, 0x80, 0xFC,
	0x00, 0x00, 0x1F, 0x80, 0xFC, 0x00, 0x00, 0x1F, 0x80, 0xFC, 0x00, 0x00,
	0x1F, 0x80, 0xFC, 0x00, 0x00, 0x1F, 0x80, 0xFF, 0xFF, 0xFF, 0xFF, 0x80,
	0xFF, 0xFF, 0xFF, 0xFF, 0x80, 0xFF, 0xFF, 0xFF, 0xFF, 0x80, 0xFF, 0xFF,
	0xFF, 0xFF, 0x80, 0xFF, 0xFF, 0xFF, 0xFF, 0x80, 0xFF, 0xFF, 0xFF, 0xFF,
	0x80, 0xFC, 0x00, 0x00, 0x1F, 0x80, 0xFC, 0x00, 0x00, 0x1F, 0x80, 0xFC,
	0x00, 0x00, 0x1F, 0x80, 0xFC, 0x00, 0x00, 0x1F, 0x80, 0xFC, 0x00, 0x00,
	0x1F, 0x80, 0xFC, 0x00, 0x00, 0x1F, 0x80, 0xFC, 0x00, 0x00, 0x1F, 0x80,
	0xFC, 0x00, 0x00, 0x1F, 0x80, 0xFC, 0x00, 0x00, 0x1F, 0x80, 0xFC, 0x00,
	0x00, 0x1F, 0x80, 0xFC, 0x00, 0x00, 0x1F, 0x80, 0xFC, 0x00, 0x00, 0x1F,
	0x80, 0xFC, 0x00, 0x00, 0x1F, 0x80, 0xFC, 0x00, 0x00, 0x1F, 0x80, 0xFC,
	0x00, 0x00, 0x1F, 0x80, 0xFC, 0x00, 0x00, 0x1F, 0x80, 0xFC, 0x00, 0x00,
	0x1F, 0x80, 0xFC, 0x00, 0x00, 0x1F, 0x80, 0xFF, 0xFF, 0xFF, 0xFF, 0x80,
	0xFF, 0xFF, 0xFF, 0xFF, 0x80, 0xFF, 0xFF, 0xFF, 0xFF, 0x80, 0x1F, 0xFF,
	0xFF, 0xFC, 0x00, 0x1F, 0xFF, 0xFF, 0xFC, 0x00, 0x1F, 0xFF, 0xFF, 0xFC,
	0x00
};

// '9', 33x53px
static const unsigned char PROGMEM fd_glyph_57[] = {
	0x1F, 0xFF, 0xFF, 0xFC, 0x00, 0x1F, 0xFF, 0xFF, 0xFC, 0x00, 0x1F, 0xFF,
	0xFF, 0xFC, 0x00, 0xFF, 0xFF, 0xFF, 0xFF, 0x80, 0xFF, 0xFF, 0xFF, 0xFF,
	0x80, 0xFF, 0xFF, 0xFF, 0xFF, 0x80, 0xFC, 0x00, 0x00, 0x1F, 0x80, 0xFC,
	0x00, 0x00, 0x1F, 0x80, 0xFC, 0x00, 0x00, 0x1F, 0x80, 0xFC, 0x00, 0x00,
	0x1F, 0x80, 0xFC, 0x00, 0x00, 0x1F, 0x80, 0xFC, 0x00, 0x00, 0x1F, 0x80,
	0xFC, 0x00, 0x00, 0x1F, 0x80, 0xFC, 0x00, 0x00, 0x1F, 0x80, 0xFC, 0x00,
	0x00, 0x1F, 0x80, 0xFC, 0x00, 0x00, 0x1F, 0x80, 0xFC, 0x00, 0x00, 0x1F,
	0x80, 0xFC, 0x00, 0x00, 0x1F, 0x80, 0xFC, 0x00, 0x00, 0x1F, 0x80, 0xFC,
	0x00, 0x00, 0x1F, 0x80, 0xFC, 0x00, 0x00, 0x1F, 0x80, 0xFC, 0x00, 0x00,
	0x1F, 0x80, 0xFC, 0x00, 0x00, 0x1F, 0x80, 0xFF, 0xFF, 0xFF, 0xFF, 0x80,
	0xFF, 0xFF, 0xFF, 0xFF, 0x80, 0xFF, 0xFF, 0xFF, 0xFF, 0x80, 0xFF, 0xFF,
	0xFF, 0xFF, 0x80, 0x1F, 0xFF, 0xFF, 0xFF, 0x80, 0x1F, 0xFF, 0xFF, 0xFF,
	0x80, 0x00, 0x00, 0x00, 0x1F, 0x80, 0x00, 0x00, 0x00, 0x1F, 0x80, 0x00,
	0x00, 0x00, 0x1F, 0x80, 0x00, 0x00, 0x00, 0x1F, 0x80, 0x00, 0x00, 0x00,
	0x1F, 0x80, 0x00, 0x00, 0x00, 0x1F, 0x80, 0x00, 0x00, 0x00, 0x1F, 0x80,
	0x00, 0x00, 0x00, 0x1F, 0x80, 0x00, 0x00, 0x00, 0x1F, 0x80, 0x00, 0x00,
	0x00, 0x1F, 0x80, 0x00, 0x00, 0x00, 0x1F, 0x80, 0x00, 0x00, 0x00, 0x1F,
	0x80, 0x00, 0x00, 0x00, 0x1F, 0x80, 0x00, 0x00, 0x00, 0x1F, 0x80, 0x00,
	0x00, 0x00, 0x1F, 0x80, 0x00, 0x00, 0x00, 0x1F, 0x80, 0x00, 0x00, 0x00,
	0x1F, 0x80, 0x00, 0x00, 0x00, 0x1F, 0x80, 0x1F, 0xFF, 0xFF, 0xFF, 0x80,
	0x1F, 0xFF, 0xFF, 0xFF, 0x80, 0x1F, 0xFF, 0xFF, 0xFF, 0x80, 0x1F, 0xFF,
	0xFF, 0xFC, 0x00, 0x1F, 0xFF, 0xFF, 0xFC, 0x00, 0x1F, 0xFF, 0xFF, 0xFC,
	0x00
};

// ':', 33x53px
static const unsigned char PROGMEM fd_glyph_58[] = {
	0x00, 0x00, 0x00, 0x00, 0x00, 0x00, 0x00, 0x00, 0x00, 0x00, 0x00, 0x00,
	0x00, 0x00, 0x00, 0x00, 0x00, 0x00, 0x00, 0x00, 0x00, 0x00, 0x00, 0x00,
	0x00, 0x00, 0x00, 0x00, 0x00, 0x00, 0x00, 0x00, 0x00, 0x00, 0x00, 0x00,
	0x00, 0x00, 0x00, 0x00, 0x00, 0x00, 0x00, 0x00, 0x00, 0x00, 0x00, 0x00,
	0x00, 0x00, 0x00, 0x00, 0x00, 0x00, 0x00, 0x00, 0x00, 0x00, 0x00, 0x00,
	0x00, 0x00, 0x00, 0x00, 0x00, 0x00, 0x00, 0x00, 0x00, 0x00, 0x00, 0x00,
	0x00, 0x00, 0x00, 0x00, 0x0E, 0x00, 0x00, 0x00, 0x00, 0x1F, 0x00, 0x00,
	0x00, 0x00, 0x1F, 0x00, 0x00, 0x00, 0x00, 0x1F, 0x00, 0x00, 0x00, 0x00,
	0x1F, 0x00, 0x00, 0x00, 0x00, 0x1F, 0x00, 0x00, 0x00, 0x00, 0x0E, 0x00,
	0x00, 0x00, 0x00, 0x00, 0x00, 0x00, 0x00, 0x00, 0x00, 0x00, 0x00, 0x00,
	0x00, 0x00, 0x00, 0x00, 0x00, 0x00, 0x0E, 0x00, 0x00, 0x00, 0x00, 0x1F,
	0x00, 0x00, 0x00, 0x00, 0x1F, 0x00, 0x00, 0x00, 0x00, 0x1F, 0x00, 0x00,
	0x00, 0x00, 0x1F, 0x00, 0x00, 0x00, 0x00, 0x1F, 0x00, 0x00, 0x00, 0x00,
	0x0E, 0x00, 0x00, 0x00, 0x00, 0x00, 0x00, 0x00, 0x00, 0x00, 0x00, 0x00,
	0x00, 0x00, 0x00, 0x00, 0x00, 0x00, 0x00, 0x00, 0x00, 0x00, 0x00, 0x00,
	0x00, 0x00, 0x00, 0x00, 0x00, 0x00, 0x00, 0x00, 0x00, 0x00, 0x00, 0x00,
	0x00, 0x00, 0x00, 0x00, 0x00, 0x00, 0x00, 0x00, 0x00, 0x00, 0x00, 0x00,
	0x00, 0x00, 0x00, 0x00, 0x00, 0x00, 0x00, 0x00, 0x00, 0x00, 0x00, 0x00,
	0x00, 0x00, 0x00, 0x00, 0x00, 0x00, 0x00, 0x00, 0x00, 0x00, 0x00, 0x00,
	0x00, 0x00, 0x00, 0x00, 0x00, 0x00, 0x00, 0x00, 0x00, 0x00, 0x00, 0x00,
	0x00, 0x00, 0x00, 0x00, 0x00, 0x00, 0x00, 0x00, 0x00, 0x00, 0x00, 0x00,
	0x00, 0x00, 0x00, 0x00, 0x00, 0x00, 0x00, 0x00, 0x00, 0x00, 0x00, 0x00,
	0x00
};

// '?', 33x53px
static const unsigned char PROGMEM fd_glyph_63[] = {
	0x00, 0x00, 0x00, 0x00, 0x00, 0x00, 0x00, 0x00, 0x00, 0x00, 0x00, 0x00,
	0x00, 0x00, 0x00, 0x00, 0x00, 0x00, 0x00, 0x00, 0x00, 0x00, 0x00, 0x00,
	0x00, 0x00, 0x00, 0x00, 0x00, 0x00, 0x00, 0x00, 0x00, 0x00, 0x00, 0x00,
	0x00, 0x00, 0x00, 0x00, 0x03, 0xFF, 0xF8, 0x00, 0x00, 0x0F, 0xFF, 0xFE,
	0x00, 0x00, 0x1F, 0xFF, 0xFF, 0x00, 0x00, 0x3F, 0xFF, 0xFF, 0x80, 0x00,
	0x3F, 0xFF, 0xFF, 0x80, 0x00, 0x7E, 0x00, 0x0F, 0xC0, 0x00, 0x7C, 0x00,
	0x07, 0xC0, 0x00, 0x7C, 0x00, 0x07, 0xC0, 0x00, 0x7C, 0x00, 0x07, 0xC0,
	0x00, 0x38, 0x00, 0x07, 0xC0, 0x00, 0x00, 0x00, 0x07, 0xC0, 0x00, 0x00,
	0x00, 0x07, 0xC0, 0x00, 0x00, 0x00, 0x07, 0xC0, 0x00, 0x00, 0x00, 0x07,
	0xC0, 0x00, 0x00, 0x00, 0x07, 0xC0, 0x00, 0x00, 0x00, 0x0F, 0xC0, 0x00,
	0x00, 0x00, 0xFF, 0x80, 0x00, 0x00, 0x03, 0xFF, 0x80, 0x00, 0x00, 0x07,
	0xFF, 0x00, 0x00, 0x00, 0x0F, 0xFE, 0x00, 0x00, 0x00, 0x0F, 0xF8, 0x00,
	0x00, 0x00, 0x1F, 0x80, 0x00, 0x00, 0x00, 0x1F, 0x00, 0x00, 0x00, 0x00,
	0x1F, 0x00, 0x00, 0x00, 0x00, 0x1F, 0x00, 0x00, 0x00, 0x00, 0x1F, 0x00,
	0x00, 0x00, 0x00, 0x1F, 0x00, 0x00, 0x00, 0x00, 0x0E, 0x00, 0x00, 0x00,
	0x00, 0x00, 0x00, 0x00, 0x00, 0x00, 0x00, 0x00, 0x00, 0x00, 0x00, 0x00,
	0x00, 0x00, 0x00, 0x00, 0x0E, 0x00, 0x00, 0x00, 0x00, 0x1F, 0x00, 0x00,
	0x00, 0x00, 0x1F, 0x00, 0x00, 0x00, 0x00, 0x1F, 0x00, 0x00, 0x00, 0x00,
	0x0E, 0x00, 0x00, 0x00, 0x00, 0x00, 0x00, 0x00, 0x00, 0x00, 0x00, 0x00,
	0x00, 0x00, 0x00, 0x00, 0x00, 0x00, 0x00, 0x00, 0x00, 0x00, 0x00, 0x00,
	0x00, 0x00, 0x00, 0x00, 0x00, 0x00, 0x00, 0x00, 0x00, 0x00, 0x00, 0x00,
	0x00, 0x00, 0x00, 0x00, 0x00, 0x00, 0x00, 0x00, 0x00, 0x00, 0x00, 0x00,
	0x00
};

// 'A', 33x53px
static const unsigned char PROGMEM fd_glyph_65[] = {
	0x00, 0x00, 0x00, 0x00, 0x00, 0x00, 0x00, 0x00, 0x00, 0x00, 0x00, 0x00,
	0x00, 0x00, 0x00, 0x00, 0x00, 0x00, 0x00, 0x00, 0x00, 0x00, 0x00, 0x00,
	0x00, 0x00, 0x00, 0x00, 0x00, 0x00, 0x00, 0x00, 0x00, 0x00, 0x00, 0x00,
	0x00, 0x00, 0x00, 0x00, 0x00, 0x07, 0x00, 0x00, 0x00, 0x00, 0x0F, 0x80,
	0x00, 0x00, 0x00, 0x1F, 0xC0, 0x00, 0x00, 0x00, 0x1F, 0xC0, 0x00, 0x00,
	0x00, 0x3F, 0xE0, 0x00, 0x00, 0x00, 0x7F, 0xF0, 0x00, 0x00, 0x00, 0x7F,
	0xF0, 0x00, 0x00, 0x00, 0xFD, 0xF8, 0x00, 0x00, 0x01, 0xF8, 0xFC, 0x00,
	0x00, 0x01, 0xF0, 0x7E, 0x00, 0x00, 0x03, 0xF0, 0x7E, 0x00, 0x00, 0x07,
	0xE0, 0x3F, 0x00, 0x00, 0x0F, 0xC0, 0x1F, 0x80, 0x00, 0x0F, 0xC0, 0x1F,
	0x80, 0x00, 0x1F, 0x80, 0x0F, 0xC0, 0x00, 0x3F, 0x00, 0x07, 0xE0, 0x00,
	0x3E, 0x00, 0x03, 0xE0, 0x00, 0x3E, 0x00, 0x03, 0xE0, 0x00, 0x3E, 0x00,
	0x03, 0xE0, 0x00, 0x3E, 0x00, 0x03, 0xE0, 0x00, 0x3E, 0x00, 0x03, 0xE0,
	0x00, 0x3E, 0x00, 0x03, 0xE0, 0x00, 0x3F, 0xFF, 0xFF, 0xE0, 0x00, 0x3F,
	0xFF, 0xFF, 0xE0, 0x00, 0x3F, 0xFF, 0xFF, 0xE0, 0x00, 0x3F, 0xFF, 0xFF,
	0xE0, 0x00, 0x3F, 0xFF, 0xFF, 0xE0, 0x00, 0x3E, 0x00, 0x03, 0xE0, 0x00,
	0x3E, 0x00, 0x03, 0xE0, 0x00, 0x3E, 0x00, 0x03, 0xE0, 0x00, 0x3E, 0x00,
	0x03, 0xE0, 0x00, 0x3E, 0x00, 0x03, 0xE0, 0x00, 0x3E, 0x00, 0x03, 0xE0,
	0x00, 0x3E, 0x00, 0x03, 0xE0, 0x00, 0x3E, 0x00, 0x03, 0xE0, 0x00, 0x1C,
	0x00, 0x01, 0xC0, 0x00, 0x00, 0x00, 0x00, 0x00, 0x00, 0x00, 0x00, 0x00,
	0x00, 0x00, 0x00, 0x00, 0x00, 0x00, 0x00, 0x00, 0x00, 0x00, 0x00, 0x00,
	0x00, 0x00, 0x00, 0x00, 0x00, 0x00, 0x00, 0x00, 0x00, 0x00, 0x00, 0x00,
	0x00, 0x00, 0x00, 0x00, 0x00, 0x00, 0x00, 0x00, 0x00, 0x00, 0x00, 0x00,
	0x00
};

// 'B', 33x53px
static const unsigned char PROGMEM fd_glyph_66[] = {
	0x00, 0x00, 0x00, 0x00, 0x00, 0x00, 0x00, 0x00, 0x00, 0x00, 0x00, 0x00,
	0x00, 0x00, 0x00, 0x00, 0x00, 0x00, 0x00, 0x00, 0x00, 0x00, 0x00, 0x00,
	0x00, 0x00, 0x00, 0x00, 0x00, 0x00, 0x00, 0x00, 0x00, 0x00, 0x00, 0x00,
	0x00, 0x00, 0x00, 0x00, 0x1F, 0xFF, 0xFC, 0x00, 0x00, 0x3F, 0xFF, 0xFF,
	0x00, 0x00, 0x3F, 0xFF, 0xFF, 0x80, 0x00, 0x3F, 0xFF, 0xFF, 0xC0, 0x00,
	0x3F, 0xFF, 0xFF, 0xC0, 0x00, 0x3E, 0x00, 0x07, 0xE0, 0x00, 0x3E, 0x00,
	0x03, 0xE0, 0x00, 0x3E, 0x00, 0x03, 0xE0, 0x00, 0x3E, 0x00, 0x03, 0xE0,
	0x00, 0x3E, 0x00, 0x03, 0xE0, 0x00, 0x3E, 0x00, 0x03, 0xE0, 0x00, 0x3E,
	0x00, 0x03, 0xE0, 0x00, 0x3E, 0x00, 0x03, 0xE0, 0x00, 0x3E, 0x00, 0x03,
	0xE0, 0x00, 0x3E, 0x00, 0x07, 0xE0, 0x00, 0x3F, 0xFF, 0xFF, 0xC0, 0x00,
	0x3F, 0xFF, 0xFF, 0xC0, 0x00, 0x3F, 0xFF, 0xFF, 0x80, 0x00, 0x3F, 0xFF,
	0xFF, 0xC0, 0x00, 0x3F, 0xFF, 0xFF, 0xC0, 0x00, 0x3E, 0x00, 0x07, 0xE0,
	0x00, 0x3E, 0x00, 0x03, 0xE0, 0x00, 0x3E, 0x00, 0x03, 0xE0, 0x00, 0x3E,
	0x00, 0x03, 0xE0, 0x00, 0x3E, 0x00, 0x03, 0xE0, 0x00, 0x3E, 0x00, 0x03,
	0xE0, 0x00, 0x3E, 0x00, 0x03, 0xE0, 0x00, 0x3E, 0x00, 0x03, 0xE0, 0x00,
	0x3E, 0x00, 0x03, 0xE0, 0x00, 0x3E, 0x00, 0x03, 0xE0, 0x00, 0x3E, 0x00,
	0x07, 0xE0, 0x00, 0x3F, 0xFF, 0xFF, 0xC0, 0x00, 0x3F, 0xFF, 0xFF, 0xC0,
	0x00, 0x3F, 0xFF, 0xFF, 0x80, 0x00, 0x3F, 0xFF, 0xFF, 0x00, 0x00, 0x1F,
	0xFF, 0xFC, 0x00, 0x00, 0x00, 0x00, 0x00, 0x00, 0x00, 0x00, 0x00, 0x00,
	0x00, 0x00, 0x00, 0x00, 0x00, 0x00, 0x00, 0x00, 0x00, 0x00, 0x00, 0x00,
	0x00, 0x00, 0x00, 0x00, 0x00, 0x00, 0x00, 0x00, 0x00, 0x00, 0x00, 0x00,
	0x00, 0x00, 0x00, 0x00, 0x00, 0x00, 0x00, 0x00, 0x00, 0x00, 0x00, 0x00,
	0x00
};

// 'C', 33x53px
static const unsigned char PROGMEM fd_glyph_67[] = {
	0x00, 0x00, 0x00, 0x00, 0x00, 0x00, 0x00, 0x00, 0x00, 0x00, 0x00, 0x00,
	0x00, 0x00, 0x00, 0x00, 0x00, 0x00, 0x00, 0x00, 0x00, 0x00, 0x00, 0x00,
	0x00, 0x00, 0x00, 0x00, 0x00, 0x00, 0x00, 0x00, 0x00, 0x00, 0x00, 0x00,
	0x00, 0x00, 0x00, 0x00, 0x03, 0xFF, 0xF8, 0x00, 0x00, 0x0F, 0xFF, 0xFE,
	0x00, 0x00, 0x1F, 0xFF, 0xFF, 0x00, 0x00, 0x3F, 0xFF, 0xFF, 0x80, 0x00,
	0x3F, 0xFF, 0xFF, 0x80, 0x00, 0x7E, 0x00, 0x0F, 0xC0, 0x00, 0x7C, 0x00,
	0x07, 0xC0, 0x00, 0x7C, 0x00, 0x07, 0xC0, 0x00, 0x7C, 0x00, 0x07, 0xC0,
	0x00, 0x7C, 0x00, 0x03, 0x80, 0x00, 0x7C, 0x00, 0x00, 0x00, 0x00, 0x7C,
	0x00, 0x00, 0x00, 0x00, 0x7C, 0x00, 0x00, 0x00, 0x00, 0x7C, 0x00, 0x00,
	0x00, 0x00, 0x7C, 0x00, 0x00, 0x00, 0x00, 0x7C, 0x00, 0x00, 0x00, 0x00,
	0x7C, 0x00, 0x00, 0x00, 0x00, 0x7C, 0x00, 0x00, 0x00, 0x00, 0x7C, 0x00,
	0x00, 0x00, 0x00, 0x7C, 0x00, 0x00, 0x00, 0x00, 0x7C, 0x00, 0x00, 0x00,
	0x00, 0x7C, 0x00, 0x00, 0x00, 0x00, 0x7C, 0x00, 0x00, 0x00, 0x00, 0x7C,
	0x00, 0x00, 0x00, 0x00, 0x7C, 0x00, 0x00, 0x00, 0x00, 0x7C, 0x00, 0x00,
	0x00, 0x00, 0x7C, 0x00, 0x03, 0x80, 0x00, 0x7C, 0x00, 0x07, 0xC0, 0x00,
	0x7C, 0x00, 0x07, 0xC0, 0x00, 0x7C, 0x00, 0x07, 0xC0, 0x00, 0x7E, 0x00,
	0x0F, 0xC0, 0x00, 0x3F, 0xFF, 0xFF, 0x80, 0x00, 0x3F, 0xFF, 0xFF, 0x80,
	0x00, 0x1F, 0xFF, 0xFF, 0x00, 0x00, 0x0F, 0xFF, 0xFE, 0x00, 0x00, 0x03,
	0xFF, 0xF8, 0x00, 0x00, 0x00, 0x00, 0x00, 0x00, 0x00, 0x00, 0x00, 0x00,
	0x00, 0x00, 0x00, 0x00, 0x00, 0x00, 0x00, 0x00, 0x00, 0x00, 0x00, 0x00,
	0x00, 0x00, 0x00, 0x00, 0x00, 0x00, 0x00, 0x00, 0x00, 0x00, 0x00, 0x00,
	0x00, 0x00, 0x00, 0x00, 0x00, 0x00, 0x00, 0x00, 0x00, 0x00, 0x00, 0x00,
	0x00
};

// 'D', 33x53px
static const unsigned char PROGMEM fd_glyph_68[] = {
	0x00, 0x00, 0x00, 0x00, 0x00, 0x00, 0x00, 0x00, 0x00, 0x00, 0x00, 0x00,
	0x00, 0x00, 0x00, 0x00, 0x00, 0x00, 0x00, 0x00, 0x00, 0x00, 0x00, 0x00,
	0x00, 0x00, 0x00, 0x00, 0x00, 0x00, 0x00, 0x00, 0x00, 0x00, 0x00, 0x00,
	0x00, 0x00, 0x00, 0x00, 0x1F, 0xFF, 0xFC, 0x00, 0x00, 0x3F, 0xFF, 0xFF,
	0x00, 0x00, 0x3F, 0xFF, 0xFF, 0x80, 0x00, 0x3F, 0xFF, 0xFF, 0xC0, 0x00,
	0x3F, 0xFF, 0xFF, 0xC0, 0x00, 0x3E, 0x00, 0x07, 0xE0, 0x00, 0x3E, 0x00,
	0x03, 0xE0, 0x00, 0x3E, 0x00, 0x03, 0xE0, 0x00, 0x3E, 0x00, 0x03, 0xE0,
	0x00, 0x3E, 0x00, 0x03, 0xE0, 0x00, 0x3E, 0x00, 0x03, 0xE0, 0x00, 0x3E,
	0x00, 0x03, 0xE0, 0x00, 0x3E, 0x00, 0x03, 0xE0, 0x00, 0x3E, 0x00, 0x03,
	0xE0, 0x00, 0x3E, 0x00, 0x03, 0xE0, 0x00, 0x3E, 0x00, 0x03, 0xE0, 0x00,
	0x3E, 0x00, 0x03, 0xE0, 0x00, 0x3E, 0x00, 0x03, 0xE0, 0x00, 0x3E, 0x00,
	0x03, 0xE0, 0x00, 0x3E, 0x00, 0x03, 0xE0, 0x00, 0x3E, 0x00, 0x03, 0xE0,
	0x00, 0x3E, 0x00, 0x03, 0xE0, 0x00, 0x3E, 0x00, 0x03, 0xE0, 0x00, 0x3E,
	0x00, 0x03, 0xE0, 0x00, 0x3E, 0x00, 0x03, 0xE0, 0x00, 0x3E, 0x00, 0x03,
	0xE0, 0x00, 0x3E, 0x00, 0x03, 0xE0, 0x00, 0x3E, 0x00, 0x03, 0xE0, 0x00,
	0x3E, 0x00, 0x03, 0xE0, 0x00, 0x3E, 0x00, 0x03, 0xE0, 0x00, 0x3E, 0x00,
	0x07, 0xE0, 0x00, 0x3F, 0xFF, 0xFF, 0xC0, 0x00, 0x3F, 0xFF, 0xFF, 0xC0,
	0x00, 0x3F, 0xFF, 0xFF, 0x80, 0x00, 0x3F, 0xFF, 0xFF, 0x00, 0x00, 0x1F,
	0xFF, 0xFC, 0x00, 0x00, 0x00, 0x00, 0x00, 0x00, 0x00, 0x00, 0x00, 0x00,
	0x00, 0x00, 0x00, 0x00, 0x00, 0x00, 0x00, 0x00, 0x00, 0x00, 0x00, 0x00,
	0x00, 0x00, 0x00, 0x00, 0x00, 0x00, 0x00, 0x00, 0x00, 0x00, 0x00, 0x00,
	0x00, 0x00, 0x00, 0x00, 0x00, 0x00, 0x00, 0x00, 0x00, 0x00, 0x00, 0x00,
	0x00
};

// 'E', 33x53px
static const unsigned char PROGMEM fd_glyph_69[] = {
	0x00, 0x00, 0x00, 0x00, 0x00, 0x00, 0x00, 0x00, 0x00, 0x00, 0x00, 0x00,
	0x00, 0x00, 0x00, 0x00, 0x00, 0x00, 0x00, 0x00, 0x00, 0x00, 0x00, 0x00,
	0x00, 0x00, 0x00, 0x00, 0x00, 0x00, 0x00, 0x00, 0x00, 0x00, 0x00, 0x00,
	0x00, 0x00, 0x00, 0x00, 0x3F, 0xFF, 0xF8, 0x00, 0x00, 0x7F, 0xFF, 0xFE,
	0x00, 0x00, 0x7F, 0xFF, 0xFF, 0x00, 0x00, 0x7F, 0xFF, 0xFF, 0x80, 0x00,
	0x7F, 0xFF, 0xFF, 0x80, 0x00, 0x7C, 0x00, 0x0F, 0xC0, 0x00, 0x7C, 0x00,
	0x07, 0xC0, 0x00, 0x7C, 0x00, 0x07, 0xC0, 0x00, 0x7C, 0x00, 0x07, 0xC0,
	0x00, 0x7C, 0x00, 0x03, 0x80, 0x00, 0x7C, 0x00, 0x00, 0x00, 0x00, 0x7C,
	0x00, 0x00, 0x00, 0x00, 0x7C, 0x00, 0x00, 0x00, 0x00, 0x7C, 0x00, 0x00,
	0x00, 0x00, 0x7C, 0x00, 0x00, 0x00, 0x00, 0x7C, 0x00, 0x00, 0x00, 0x00,
	0x7F, 0xFF, 0xC0, 0x00, 0x00, 0x7F, 0xFF, 0xE0, 0x00, 0x00, 0x7F, 0xFF,
	0xE0, 0x00, 0x00, 0x7F, 0xFF, 0xE0, 0x00, 0x00, 0x7F, 0xFF, 0xC0, 0x00,
	0x00, 0x7C, 0x00, 0x00, 0x00, 0x00, 0x7C, 0x00, 0x00, 0x00, 0x00, 0x7C,
	0x00, 0x00, 0x00, 0x00, 0x7C, 0x00, 0x00, 0x00, 0x00, 0x7C, 0x00, 0x00,
	0x00, 0x00, 0x7C, 0x00, 0x03, 0x80, 0x00, 0x7C, 0x00, 0x07, 0xC0, 0x00,
	0x7C, 0x00, 0x07, 0xC0, 0x00, 0x7C, 0x00, 0x07, 0xC0, 0x00, 0x7C, 0x00,
	0x0F, 0xC0, 0x00, 0x7F, 0xFF, 0xFF, 0x80, 0x00, 0x7F, 0xFF, 0xFF, 0x80,
	0x00, 0x7F, 0xFF, 0xFF, 0x00, 0x00, 0x7F, 0xFF, 0xFE, 0x00, 0x00, 0x3F,
	0xFF, 0xF8, 0x00, 0x00, 0x00, 0x00, 0x00, 0x00, 0x00, 0x00, 0x00, 0x00,
	0x00, 0x00, 0x00, 0x00, 0x00, 0x00, 0x00, 0x00, 0x00, 0x00, 0x00, 0x00,
	0x00, 0x00, 0x00, 0x00, 0x00, 0x00, 0x00, 0x00, 0x00, 0x00, 0x00, 0x00,
	0x00, 0x00, 0x00, 0x00, 0x00, 0x00, 0x00, 0x00, 0x00, 0x00, 0x00, 0x00,
	0x00
};

// 'F', 33x53px
static const unsigned char PROGMEM fd_glyph_70[] = {
	0x00, 0x00, 0x00, 0x00, 0x00, 0x00, 0x00, 0x00, 0x00, 0x00, 0x00, 0x00,
	0x00, 0x00, 0x00, 0x00, 0x00, 0x00, 0x00, 0x00, 0x00, 0x00, 0x00, 0x00,
	0x00, 0x00, 0x00, 0x00, 0x00, 0x00, 0x00, 0x00, 0x00, 0x00, 0x00, 0x00,
	0x00, 0x00, 0x00, 0x00, 0x3F, 0xFF, 0xF8, 0x00, 0x00, 0x7F, 0xFF, 0xFE,
	0x00, 0x00, 0x7F, 0xFF, 0xFF, 0x00, 0x00, 0x7F, 0xFF, 0xFF, 0x80, 0x00,
	0x7F, 0xFF, 0xFF, 0x80, 0x00, 0x7C, 0x00, 0x0F, 0xC0, 0x00, 0x7C, 0x00,
	0x07, 0xC0, 0x00, 0x7C, 0x00, 0x07, 0xC0, 0x00, 0x7C, 0x00, 0x07, 0xC0,
	0x00, 0x7C, 0x00, 0x03, 0x80, 0x00, 0x7C, 0x00, 0x00, 0x00, 0x00, 0x7C,
	0x00, 0x00, 0x00, 0x00, 0x7C, 0x00, 0x00, 0x00, 0x00, 0x7C, 0x00, 0x00,
	0x00, 0x00, 0x7C, 0x00, 0x00, 0x00, 0x00, 0x7C, 0x00, 0x00, 0x00, 0x00,
	0x7F, 0xFF, 0xC0, 0x00, 0x00, 0x7F, 0xFF, 0xE0, 0x00, 0x00, 0x7F, 0xFF,
	0xE0, 0x00, 0x00, 0x7F, 0xFF, 0xE0, 0x00, 0x00, 0x7F, 0xFF, 0xC0, 0x00,
	0x00, 0x7C, 0x00, 0x00, 0x00, 0x00, 0x7C, 0x00, 0x00, 0x00, 0x00, 0x7C,
	0x00, 0x00, 0x00, 0x00, 0x7C, 0x00, 0x00, 0x00, 0x00, 0x7C, 0x00, 0x00,
	0x00, 0x00, 0x7C, 0x00, 0x00, 0x00, 0x00, 0x7C, 0x00, 0x00, 0x00, 0x00,
	0x7C, 0x00, 0x00, 0x00, 0x00, 0x7C, 0x00, 0x00, 0x00, 0x00, 0x7C, 0x00,
	0x00, 0x00, 0x00, 0x7C, 0x00, 0x00, 0x00, 0x00, 0x7C, 0x00, 0x00, 0x00,
	0x00, 0x7C, 0x00, 0x00, 0x00, 0x00, 0x7C, 0x00, 0x00, 0x00, 0x00, 0x38,
	0x00, 0x00, 0x00, 0x00, 0x00, 0x00, 0x00, 0x00, 0x00, 0x00, 0x00, 0x00,
	0x00, 0x00, 0x00, 0x00, 0x00, 0x00, 0x00, 0x00, 0x00, 0x00, 0x00, 0x00,
	0x00, 0x00, 0x00, 0x00, 0x00, 0x00, 0x00, 0x00, 0x00, 0x00, 0x00, 0x00,
	0x00, 0x00, 0x00, 0x00, 0x00, 0x00, 0x00, 0x00, 0x00, 0x00, 0x00, 0x00,
	0x00
};

// 'G', 33x53px
static const unsigned char PROGMEM fd_glyph_71[] = {
	0x00, 0x00, 0x00, 0x00, 0x00, 0x00, 0x00, 0x00, 0x00, 0x00, 0x00, 0x00,
	0x00, 0x00, 0x00, 0x00, 0x00, 0x00, 0x00, 0x00, 0x00, 0x00, 0x00, 0x00,
	0x00, 0x00, 0x00, 0x00, 0x00, 0x00, 0x00, 0x00, 0x00, 0x00, 0x00, 0x00,
	0x00, 0x00, 0x00, 0x00, 0x03, 0xFF, 0xF8, 0x00, 0x00, 0x0F, 0xFF, 0xFE,
	0x00, 0x00, 0x1F, 0xFF, 0xFF, 0x00, 0x00, 0x3F, 0xFF, 0xFF, 0x80, 0x00,
	0x3F, 0xFF, 0xFF, 0x80, 0x00, 0x7E, 0x00, 0x0F, 0xC0, 0x00, 0x7C, 0x00,
	0x07, 0xC0, 0x00, 0x7C, 0x00, 0x07, 0xC0, 0x00, 0x7C, 0x00, 0x07, 0xC0,
	0x00, 0x7C, 0x00, 0x03, 0x80, 0x00, 0x7C, 0x00, 0x00, 0x00, 0x00, 0x7C,
	0x00, 0x00, 0x00, 0x00, 0x7C, 0x00, 0x00, 0x00, 0x00, 0x7C, 0x00, 0x00,
	0x00, 0x00, 0x7C, 0x00, 0x00, 0x00, 0x00, 0x7C, 0x00, 0x00, 0x00, 0x00,
	0x7C, 0x07, 0xFF, 0x80, 0x00, 0x7C, 0x07, 0xFF, 0xC0, 0x00, 0x7C, 0x0F,
	0xFF, 0xC0, 0x00, 0x7C, 0x07, 0xFF, 0xC0, 0x00, 0x7C, 0x07, 0xFF, 0xC0,
	0x00, 0x7C, 0x00, 0x07, 0xC0, 0x00, 0x7C, 0x00, 0x07, 0xC0, 0x00, 0x7C,
	0x00, 0x07, 0xC0, 0x00, 0x7C, 0x00, 0x07, 0xC0, 0x00, 0x7C, 0x00, 0x07,
	0xC0, 0x00, 0x7C, 0x00, 0x07, 0xC0, 0x00, 0x7C, 0x00, 0x07, 0xC0, 0x00,
	0x7C, 0x00, 0x07, 0xC0, 0x00, 0x7C, 0x00, 0x07, 0xC0, 0x00, 0x7E, 0x00,
	0x0F, 0xC0, 0x00, 0x3F, 0xFF, 0xFF, 0x80, 0x00, 0x3F, 0xFF, 0xFF, 0x80,
	0x00, 0x1F, 0xFF, 0xFF, 0x00, 0x00, 0x0F, 0xFF, 0xFE, 0x00, 0x00, 0x03,
	0xFF, 0xF8, 0x00, 0x00, 0x00, 0x00, 0x00, 0x00, 0x00, 0x00, 0x00, 0x00,
	0x00, 0x00, 0x00, 0x00, 0x00, 0x00, 0x00, 0x00, 0x00, 0x00, 0x00, 0x00,
	0x00, 0x00, 0x00, 0x00, 0x00, 0x00, 0x00, 0x00, 0x00, 0x00, 0x00, 0x00,
	0x00, 0x00, 0x00, 0x00, 0x00, 0x00, 0x00, 0x00, 0x00, 0x00, 0x00, 0x00,
	0x00
};

// 'H', 33x53px
static const unsigned char PROGMEM fd_glyph_72[] = {
	0x00, 0x00, 0x00, 0x00, 0x00, 0x00, 0x00, 0x00, 0x00, 0x00, 0x00, 0x00,
	0x00, 0x00, 0x00, 0x00, 0x00, 0x00, 0x00, 0x00, 0x00, 0x00, 0x00, 0x00,
	0x00, 0x00, 0x00, 0x00, 0x00, 0x00, 0x00, 0x00, 0x00, 0x00, 0x00, 0x00,
	0x00, 0x00, 0x00, 0x00, 0x38, 0x00, 0x03, 0x80, 0x00, 0x7C, 0x00, 0x07,
	0xC0, 0x00, 0x7C, 0x00, 0x07, 0xC0, 0x00, 0x7C, 0x00, 0x07, 0xC0, 0x00,
	0x7C, 0x00, 0x07, 0xC0, 0x00, 0x7C, 0x00, 0x07, 0xC0, 0x00, 0x7C, 0x00,
	0x07, 0xC0, 0x00, 0x7C, 0x00, 0x07, 0xC0, 0x00, 0x7C, 0x00, 0x07, 0xC0,
	0x00, 0x7C, 0x00, 0x07, 0xC0, 0x00, 0x7C, 0x00, 0x07, 0xC0, 0x00, 0x7C,
	0x00, 0x07, 0xC0, 0x00, 0x7C, 0x00, 0x07, 0xC0, 0x00, 0x7C, 0x00, 0x07,
	0xC0, 0x00, 0x7C, 0x00, 0x07, 0xC0, 0x00, 0x7C, 0x00, 0x07, 0xC0, 0x00,
	0x7F, 0xFF, 0xFF, 0xC0, 0x00, 0x7F, 0xFF, 0xFF, 0xC0, 0x00, 0x7F, 0xFF,
	0xFF, 0xC0, 0x00, 0x7F, 0xFF, 0xFF, 0xC0, 0x00, 0x7F, 0xFF, 0xFF, 0xC0,
	0x00, 0x7C, 0x00, 0x07, 0xC0, 0x00, 0x7C, 0x00, 0x07, 0xC0, 0x00, 0x7C,
	0x00, 0x07, 0xC0, 0x00, 0x7C, 0x00, 0x07, 0xC0, 0x00, 0x7C, 0x00, 0x07,
	0xC0, 0x00, 0x7C, 0x00, 0x07, 0xC0, 0x00, 0x7C, 0x00, 0x07, 0xC0, 0x00,
	0x7C, 0x00, 0x07, 0xC0, 0x00, 0x7C, 0x00, 0x07, 0xC0, 0x00, 0x7C, 0x00,
	0x07, 0xC0, 0x00, 0x7C, 0x00, 0x07, 0xC0, 0x00, 0x7C, 0x00, 0x07, 0xC0,
	0x00, 0x7C, 0x00, 0x07, 0xC0, 0x00, 0x7C, 0x00, 0x07, 0xC0, 0x00, 0x38,
	0x00, 0x03, 0x80, 0x00, 0x00, 0x00, 0x00, 0x00, 0x00, 0x00, 0x00, 0x00,
	0x00, 0x00, 0x00, 0x00, 0x00, 0x00, 0x00, 0x00, 0x00, 0x00, 0x00, 0x00,
	0x00, 0x00, 0x00, 0x00, 0x00, 0x00, 0x00, 0x00, 0x00, 0x00, 0x00, 0x00,
	0x00, 0x00, 0x00, 0x00, 0x00, 0x00, 0x00, 0x00, 0x00, 0x00, 0x00, 0x00,
	0x00
};

// 'I', 33x53px
static const unsigned char PROGMEM fd_glyph_73[] = {
	0x00, 0x00, 0x00, 0x00, 0x00, 0x00, 0x00, 0x00, 0x00, 0x00, 0x00, 0x00,
	0x00, 0x00, 0x00, 0x00, 0x00, 0x00, 0x00, 0x00, 0x00, 0x00, 0x00, 0x00,
	0x00, 0x00, 0x00, 0x00, 0x00, 0x00, 0x00, 0x00, 0x00, 0x00, 0x00, 0x00,
	0x00, 0x00, 0x00, 0x00, 0x01, 0xFF, 0xE0, 0x00, 0x00, 0x03, 0xFF, 0xF0,
	0x00, 0x00, 0x03, 0xFF, 0xF0, 0x00, 0x00, 0x03, 0xFF, 0xF0, 0x00, 0x00,
	0x01, 0xFF, 0xE0, 0x00, 0x00, 0x00, 0x3E, 0x00, 0x00, 0x00, 0x00, 0x3E,
	0x00, 0x00, 0x00, 0x00, 0x3E, 0x00, 0x00, 0x00, 0x00, 0x3E, 0x00, 0x00,
	0x00, 0x00, 0x3E, 0x00, 0x00, 0x00, 0x00, 0x3E, 0x00, 0x00, 0x00, 0x00,
	0x3E, 0x00, 0x00, 0x00, 0x00, 0x3E, 0x00, 0x00, 0x00, 0x00, 0x3E, 0x00,
	0x00, 0x00, 0x00, 0x3E, 0x00, 0x00, 0x00, 0x00, 0x3E, 0x00, 0x00, 0x00,
	0x00, 0x3E, 0x00, 0x00, 0x00, 0x00, 0x3E, 0x00, 0x00, 0x00, 0x00, 0x3E,
	0x00, 0x00, 0x00, 0x00, 0x3E, 0x00, 0x00, 0x00, 0x00, 0x3E, 0x00, 0x00,
	0x00, 0x00, 0x3E, 0x00, 0x00, 0x00, 0x00, 0x3E, 0x00, 0x00, 0x00, 0x00,
	0x3E, 0x00, 0x00, 0x00, 0x00, 0x3E, 0x00, 0x00, 0x00, 0x00, 0x3E, 0x00,
	0x00, 0x00, 0x00, 0x3E, 0x00, 0x00, 0x00, 0x00, 0x3E, 0x00, 0x00, 0x00,
	0x00, 0x3E, 0x00, 0x00, 0x00, 0x00, 0x3E, 0x00, 0x00, 0x00, 0x00, 0x3E,
	0x00, 0x00, 0x00, 0x01, 0xFF, 0xE0, 0x00, 0x00, 0x03, 0xFF, 0xF0, 0x00,
	0x00, 0x03, 0xFF, 0xF0, 0x00, 0x00, 0x03, 0xFF, 0xF0, 0x00, 0x00, 0x01,
	0xFF, 0xE0, 0x00, 0x00, 0x00, 0x00, 0x00, 0x00, 0x00, 0x00, 0x00, 0x00,
	0x00, 0x00, 0x00, 0x00, 0x00, 0x00, 0x00, 0x00, 0x00, 0x00, 0x00, 0x00,
	0x00, 0x00, 0x00, 0x00, 0x00, 0x00, 0x00, 0x00, 0x00, 0x00, 0x00, 0x00,
	0x00, 0x00, 0x00, 0x00, 0x00, 0x00, 0x00, 0x00, 0x00, 0x00, 0x00, 0x00,
	0x00
};

// 'J', 33x53px
static const unsigned char PROGMEM fd_glyph_74[] = {
	0x00, 0x00, 0x00, 0x00, 0x00, 0x00, 0x00, 0x00, 0x00, 0x00, 0x00, 0x00,
	0x00, 0x00, 0x00, 0x00, 0x00, 0x00, 0x00, 0x00, 0x00, 0x00, 0x00, 0x00,
	0x00, 0x00, 0x00, 0x00, 0x00, 0x00, 0x00, 0x00, 0x00, 0x00, 0x00, 0x00,
	0x00, 0x00, 0x00, 0x00, 0x00, 0x3F, 0xFF, 0x80, 0x00, 0x00, 0x7F, 0xFF,
	0xC0, 0x00, 0x00, 0x7F, 0xFF, 0xC0, 0x00, 0x00, 0x7F, 0xFF, 0xC0, 0x00,
	0x00, 0x7F, 0xFF, 0xC0, 0x00, 0x00, 0x7C, 0x07, 0xC0, 0x00, 0x00, 0x7C,
	0x07, 0xC0, 0x00, 0x00, 0x7C, 0x07, 0xC0, 0x00, 0x00, 0x78, 0x07, 0xC0,
	0x00, 0x00, 0x10, 0x07, 0xC0, 0x00, 0x00, 0x00, 0x07, 0xC0, 0x00, 0x00,
	0x00, 0x07, 0xC0, 0x00, 0x00, 0x00, 0x07, 0xC0, 0x00, 0x00, 0x00, 0x07,
	0xC0, 0x00, 0x00, 0x00, 0x07, 0xC0, 0x00, 0x00, 0x00, 0x07, 0xC0, 0x00,
	0x00, 0x00, 0x07, 0xC0, 0x00, 0x00, 0x00, 0x07, 0xC0, 0x00, 0x00, 0x00,
	0x07, 0xC0, 0x00, 0x00, 0x00, 0x07, 0xC0, 0x00, 0x00, 0x00, 0x07, 0xC0,
	0x00, 0x00, 0x00, 0x07, 0xC0, 0x00, 0x00, 0x00, 0x07, 0xC0, 0x00, 0x00,
	0x00, 0x07, 0xC0, 0x00, 0x00, 0x00, 0x07, 0xC0, 0x00, 0x00, 0x00, 0x07,
	0xC0, 0x00, 0x38, 0x00, 0x07, 0xC0, 0x00, 0x7C, 0x00, 0x07, 0xC0, 0x00,
	0x7C, 0x00, 0x07, 0xC0, 0x00, 0x7C, 0x00, 0x07, 0xC0, 0x00, 0x7E, 0x00,
	0x0F, 0xC0, 0x00, 0x3F, 0xFF, 0xFF, 0x80, 0x00, 0x3F, 0xFF, 0xFF, 0x80,
	0x00, 0x1F, 0xFF, 0xFF, 0x00, 0x00, 0x0F, 0xFF, 0xFE, 0x00, 0x00, 0x03,
	0xFF, 0xF8, 0x00, 0x00, 0x00, 0x00, 0x00, 0x00, 0x00, 0x00, 0x00, 0x00,
	0x00, 0x00, 0x00, 0x00, 0x00, 0x00, 0x00, 0x00, 0x00, 0x00, 0x00, 0x00,
	0x00, 0x00, 0x00, 0x00, 0x00, 0x00, 0x00, 0x00, 0x00, 0x00, 0x00, 0x00,
	0x00, 0x00, 0x00, 0x00, 0x00, 0x00, 0x00, 0x00, 0x00, 0x00, 0x00, 0x00,
	0x00
};

// 'K', 33x53px
static const unsigned char PROGMEM fd_glyph_75[] = {
	0x00, 0x00, 0x00, 0x00, 0x00, 0x00, 0x00, 0x00, 0x00, 0x00, 0x00, 0x00,
	0x00, 0x00, 0x00, 0x00, 0x00, 0x00, 0x00, 0x00, 0x00, 0x00, 0x00, 0x00,
	0x00, 0x00, 0x00, 0x00, 0x00, 0x00, 0x00, 0x00, 0x00, 0x00, 0x00, 0x00,
	0x00, 0x00, 0x00, 0x00, 0x38, 0x00, 0x03, 0x80, 0x00, 0x7C, 0x00, 0x07,
	0xC0, 0x00, 0x7C, 0x00, 0x07, 0xC0, 0x00, 0x7C, 0x00, 0x07, 0xC0, 0x00,
	0x7C, 0x00, 0x07, 0xC0, 0x00, 0x7C, 0x00, 0x07, 0xC0, 0x00, 0x7C, 0x00,
	0x07, 0xC0, 0x00, 0x7C, 0x00, 0x07, 0xC0, 0x00, 0x7C, 0x00, 0x07, 0xC0,
	0x00, 0x7C, 0x00, 0x07, 0xC0, 0x00, 0x7C, 0x00, 0x0F, 0xC0, 0x00, 0x7C,
	0x00, 0x3F, 0xC0, 0x00, 0x7C, 0x00, 0x7F, 0x80, 0x00, 0x7C, 0x01, 0xFF,
	0x00, 0x00, 0x7C, 0x03, 0xFC, 0x00, 0x00, 0x7F, 0xFF, 0xF8, 0x00, 0x00,
	0x7F, 0xFF, 0xE0, 0x00, 0x00, 0x7F, 0xFF, 0xC0, 0x00, 0x00, 0x7F, 0xFF,
	0xE0, 0x00, 0x00, 0x7F, 0xFF, 0xF8, 0x00, 0x00, 0x7C, 0x07, 0xFC, 0x00,
	0x00, 0x7C, 0x01, 0xFE, 0x00, 0x00, 0x7C, 0x00, 0xFF, 0x80, 0x00, 0x7C,
	0x00, 0x3F, 0xC0, 0x00, 0x7C, 0x00, 0x1F, 0xC0, 0x00, 0x7C, 0x00, 0x0F,
	0xC0, 0x00, 0x7C, 0x00, 0x07, 0xC0, 0x00, 0x7C, 0x00, 0x07, 0xC0, 0x00,
	0x7C, 0x00, 0x07, 0xC0, 0x00, 0x7C, 0x00, 0x07, 0xC0, 0x00, 0x7C, 0x00,
	0x07, 0xC0, 0x00, 0x7C, 0x00, 0x07, 0xC0, 0x00, 0x7C, 0x00, 0x07, 0xC0,
	0x00, 0x7C, 0x00, 0x07, 0xC0, 0x00, 0x7C, 0x00, 0x07, 0xC0, 0x00, 0x38,
	0x00, 0x03, 0x80, 0x00, 0x00, 0x00, 0x00, 0x00, 0x00, 0x00, 0x00, 0x00,
	0x00, 0x00, 0x00, 0x00, 0x00, 0x00, 0x00, 0x00, 0x00, 0x00, 0x00, 0x00,
	0x00, 0x00, 0x00, 0x00, 0x00, 0x00, 0x00, 0x00, 0x00, 0x00, 0x00, 0x00,
	0x00, 0x00, 0x00, 0x00, 0x00, 0x00, 0x00, 0x00, 0x00, 0x00, 0x00, 0x00,
	0x00
};

// 'L', 33x53px
static const unsigned char PROGMEM fd_glyph_76[] = {
	0x00, 0x00, 0x00, 0x00, 0x00, 0x00, 0x00, 0x00, 0x00, 0x00, 0x00, 0x00,
	0x00, 0x00, 0x00, 0x00, 0x00, 0x00, 0x00, 0x00, 0x00, 0x00, 0x00, 0x00,
	0x00, 0x00, 0x00, 0x00, 0x00, 0x00, 0x00, 0x00, 0x00, 0x00, 0x00, 0x00,
	0x00, 0x00, 0x00, 0x00, 0x38, 0x00, 0x00, 0x00, 0x00, 0x7C, 0x00, 0x00,
	0x00, 0x00, 0x7C, 0x00, 0x00, 0x00, 0x00, 0x7C, 0x00, 0x00, 0x00, 0x00,
	0x7C, 0x00, 0x00, 0x00, 0x00, 0x7C, 0x00, 0x00, 0x00, 0x00, 0x7C, 0x00,
	0x00, 0x00, 0x00, 0x7C, 0x00, 0x00, 0x00, 0x00, 0x7C, 0x00, 0x00, 0x00,
	0x00, 0x7C, 0x00, 0x00, 0x00, 0x00, 0x7C, 0x00, 0x00, 0x00, 0x00, 0x7C,
	0x00, 0x00, 0x00, 0x00, 0x7C, 0x00, 0x00, 0x00, 0x00, 0x7C, 0x00, 0x00,
	0x00, 0x00, 0x7C, 0x00, 0x00, 0x00, 0x00, 0x7C, 0x00, 0x00, 0x00, 0x00,
	0x7C, 0x00, 0x00, 0x00, 0x00, 0x7C, 0x00, 0x00, 0x00, 0x00, 0x7C, 0x00,
	0x00, 0x00, 0x00, 0x7C, 0x00, 0x00, 0x00, 0x00, 0x7C, 0x00, 0x00, 0x00,
	0x00, 0x7C, 0x00, 0x00, 0x00, 0x00, 0x7C, 0x00, 0x00, 0x00, 0x00, 0x7C,
	0x00, 0x00, 0x00, 0x00, 0x7C, 0x00, 0x00, 0x00, 0x00, 0x7C, 0x00, 0x00,
	0x00, 0x00, 0x7C, 0x00, 0x03, 0x80, 0x00, 0x7C, 0x00, 0x07, 0xC0, 0x00,
	0x7C, 0x00, 0x07, 0xC0, 0x00, 0x7C, 0x00, 0x07, 0xC0, 0x00, 0x7C, 0x00,
	0x0F, 0xC0, 0x00, 0x7F, 0xFF, 0xFF, 0x80, 0x00, 0x7F, 0xFF, 0xFF, 0x80,
	0x00, 0x7F, 0xFF, 0xFF, 0x00, 0x00, 0x7F, 0xFF, 0xFE, 0x00, 0x00, 0x3F,
	0xFF, 0xF8, 0x00, 0x00, 0x00, 0x00, 0x00, 0x00, 0x00, 0x00, 0x00, 0x00,
	0x00, 0x00, 0x00, 0x00, 0x00, 0x00, 0x00, 0x00, 0x00, 0x00, 0x00, 0x00,
	0x00, 0x00, 0x00, 0x00, 0x00, 0x00, 0x00, 0x00, 0x00, 0x00, 0x00, 0x00,
	0x00, 0x00, 0x00, 0x00, 0x00, 0x00, 0x00, 0x00, 0x00, 0x00, 0x00, 0x00,
	0x00
};

// 'M', 33x53px
static const unsigned char PROGMEM fd_glyph_77[] = {
	0x00, 0x00, 0x00, 0x00, 0x00, 0x00, 0x00, 0x00, 0x00, 0x00, 0x00, 0x00,
	0x00, 0x00, 0x00, 0x00, 0x00, 0x00, 0x00, 0x00, 0x00, 0x00, 0x00, 0x00,
	0x00, 0x00, 0x00, 0x00, 0x00, 0x00, 0x00, 0x00, 0x00, 0x00, 0x00, 0x00,
	0x00, 0x00, 0x00, 0x00, 0x38, 0x00, 0x03, 0x80, 0x00, 0x7C, 0x00, 0x07,
	0xC0, 0x00, 0x7E, 0x00, 0x0F, 0xC0, 0x00, 0x7E, 0x00, 0x0F, 0xC0, 0x00,
	0x7F, 0x00, 0x1F, 0xC0, 0x00, 0x7F, 0x80, 0x3F, 0xC0, 0x00, 0x7F, 0x80,
	0x3F, 0xC0, 0x00, 0x7F, 0xC0, 0x7F, 0xC0, 0x00, 0x7F, 0xE0, 0xFF, 0xC0,
	0x00, 0x7F, 0xF0, 0xFF, 0xC0, 0x00, 0x7F, 0xF1, 0xFF, 0xC0, 0x00, 0x7D,
	0xFB, 0xF7, 0xC0, 0x00, 0x7C, 0xFF, 0xE7, 0xC0, 0x00, 0x7C, 0xFF, 0xE7,
	0xC0, 0x00, 0x7C, 0x7F, 0xC7, 0xC0, 0x00, 0x7C, 0x3F, 0x87, 0xC0, 0x00,
	0x7C, 0x3F, 0x87, 0xC0, 0x00, 0x7C, 0x1F, 0x07, 0xC0, 0x00, 0x7C, 0x1F,
	0x07, 0xC0, 0x00, 0x7C, 0x1F, 0x07, 0xC0, 0x00, 0x7C, 0x1F, 0x07, 0xC0,
	0x00, 0x7C, 0x1F, 0x07, 0xC0, 0x00, 0x7C, 0x0E, 0x07, 0xC0, 0x00, 0x7C,
	0x00, 0x07, 0xC0, 0x00, 0x7C, 0x00, 0x07, 0xC0, 0x00, 0x7C, 0x00, 0x07,
	0xC0, 0x00, 0x7C, 0x00, 0x07, 0xC0, 0x00, 0x7C, 0x00, 0x07, 0xC0, 0x00,
	0x7C, 0x00, 0x07, 0xC0, 0x00, 0x7C, 0x00, 0x07, 0xC0, 0x00, 0x7C, 0x00,
	0x07, 0xC0, 0x00, 0x7C, 0x00, 0x07, 0xC0, 0x00, 0x7C, 0x00, 0x07, 0xC0,
	0x00, 0x7C, 0x00, 0x07, 0xC0, 0x00, 0x7C, 0x00, 0x07, 0xC0, 0x00, 0x38,
	0x00, 0x03, 0x80, 0x00, 0x00, 0x00, 0x00, 0x00, 0x00, 0x00, 0x00, 0x00,
	0x00, 0x00, 0x00, 0x00, 0x00, 0x00, 0x00, 0x00, 0x00, 0x00, 0x00, 0x00,
	0x00, 0x00, 0x00, 0x00, 0x00, 0x00, 0x00, 0x00, 0x00, 0x00, 0x00, 0x00,
	0x00, 0x00, 0x00, 0x00, 0x00, 0x00, 0x00, 0x00, 0x00, 0x00, 0x00, 0x00,
	0x00
};

// 'N', 33x53px
static const unsigned char PROGMEM fd_glyph_78[] = {
	0x00, 0x00, 0x00, 0x00, 0x00, 0x00, 0x00, 0x00, 0x00, 0x00, 0x00, 0x00,
	0x00, 0x00, 0x00, 0x00, 0x00, 0x00, 0x00, 0x00, 0x00, 0x00, 0x00, 0x00,
	0x00, 0x00, 0x00, 0x00, 0x00, 0x00, 0x00, 0x00, 0x00, 0x00, 0x00, 0x00,
	0x00, 0x00, 0x00, 0x00, 0x00, 0x00, 0x00, 0x00, 0x00, 0x3C, 0x00, 0x03,
	0x80, 0x00, 0x7E, 0x00, 0x07, 0xC0, 0x00, 0x7F, 0x00, 0x07, 0xC0, 0x00,
	0x7F, 0x00, 0x07, 0xC0, 0x00, 0x7F, 0x80, 0x07, 0xC0, 0x00, 0x7F, 0xC0,
	0x07, 0xC0, 0x00, 0x7F, 0xC0, 0x07, 0xC0, 0x00, 0x7F, 0xE0, 0x07, 0xC0,
	0x00, 0x7F, 0xF0, 0x07, 0xC0, 0x00, 0x7F, 0xF0, 0x07, 0xC0, 0x00, 0x7D,
	0xF8, 0x07, 0xC0, 0x00, 0x7C, 0xFC, 0x07, 0xC0, 0x00, 0x7C, 0x7E, 0x07,
	0xC0, 0x00, 0x7C, 0x7E, 0x07, 0xC0, 0x00, 0x7C, 0x3F, 0x07, 0xC0, 0x00,
	0x7C, 0x1F, 0x87, 0xC0, 0x00, 0x7C, 0x1F, 0x87, 0xC0, 0x00, 0x7C, 0x0F,
	0xC7, 0xC0, 0x00, 0x7C, 0x07, 0xE7, 0xC0, 0x00, 0x7C, 0x07, 0xF7, 0xC0,
	0x00, 0x7C, 0x03, 0xF7, 0xC0, 0x00, 0x7C, 0x01, 0xFF, 0xC0, 0x00, 0x7C,
	0x00, 0xFF, 0xC0, 0x00, 0x7C, 0x00, 0xFF, 0xC0, 0x00, 0x7C, 0x00, 0x7F,
	0xC0, 0x00, 0x7C, 0x00, 0x3F, 0xC0, 0x00, 0x7C, 0x00, 0x3F, 0xC0, 0x00,
	0x7C, 0x00, 0x1F, 0xC0, 0x00, 0x7C, 0x00, 0x0F, 0xC0, 0x00, 0x7C, 0x00,
	0x07, 0xC0, 0x00, 0x7C, 0x00, 0x07, 0xC0, 0x00, 0x7C, 0x00, 0x07, 0xC0,
	0x00, 0x7C, 0x00, 0x07, 0xC0, 0x00, 0x7C, 0x00, 0x07, 0xC0, 0x00, 0x7C,
	0x00, 0x07, 0xC0, 0x00, 0x38, 0x00, 0x03, 0x80, 0x00, 0x00, 0x00, 0x00,
	0x00, 0x00, 0x00, 0x00, 0x00, 0x00, 0x00, 0x00, 0x00, 0x00, 0x00, 0x00,
	0x00, 0x00, 0x00, 0x00, 0x00, 0x00, 0x00, 0x00, 0x00, 0x00, 0x00, 0x00,
	0x00, 0x00, 0x00, 0x00, 0x00, 0x00, 0x00, 0x00, 0x00, 0x00, 0x00, 0x00,
	0x00
};

// 'O', 33x53px
static const unsigned char PROGMEM fd_glyph_79[] = {
	0x00, 0x00, 0x00, 0x00, 0x00, 0x00, 0x00, 0x00, 0x00, 0x00, 0x00, 0x00,
	0x00, 0x00, 0x00, 0x00, 0x00, 0x00, 0x00, 0x00, 0x00, 0x00, 0x00, 0x00,
	0x00, 0x00, 0x00, 0x00, 0x00, 0x00, 0x00, 0x00, 0x00, 0x00, 0x00, 0x00,
	0x00, 0x00, 0x00, 0x00, 0x03, 0xFF, 0xF8, 0x00, 0x00, 0x0F, 0xFF, 0xFE,
	0x00, 0x00, 0x1F, 0xFF, 0xFF, 0x00, 0x00, 0x3F, 0xFF, 0xFF, 0x80, 0x00,
	0x3F, 0xFF, 0xFF, 0x80, 0x00, 0x7E, 0x00, 0x0F, 0xC0, 0x00, 0x7C, 0x00,
	0x07, 0xC0, 0x00, 0x7C, 0x00, 0x07, 0xC0, 0x00, 0x7C, 0x00, 0x07, 0xC0,
	0x00, 0x7C, 0x00, 0x07, 0xC0, 0x00, 0x7C, 0x00, 0x07, 0xC0, 0x00, 0x7C,
	0x00, 0x07, 0xC0, 0x00, 0x7C, 0x00, 0x07, 0xC0, 0x00, 0x7C, 0x00, 0x07,
	0xC0, 0x00, 0x7C, 0x00, 0x07, 0xC0, 0x00, 0x7C, 0x00, 0x07, 0xC0, 0x00,
	0x7C, 0x00, 0x07, 0xC0, 0x00, 0x7C, 0x00, 0x07, 0xC0, 0x00, 0x7C, 0x00,
	0x07, 0xC0, 0x00, 0x7C, 0x00, 0x07, 0xC0, 0x00, 0x7C, 0x00, 0x07, 0xC0,
	0x00, 0x7C, 0x00, 0x07, 0xC0, 0x00, 0x7C, 0x00, 0x07, 0xC0, 0x00, 0x7C,
	0x00, 0x07, 0xC0, 0x00, 0x7C, 0x00, 0x07, 0xC0, 0x00, 0x7C, 0x00, 0x07,
	0xC0, 0x00, 0x7C, 0x00, 0x07, 0xC0, 0x00, 0x7C, 0x00, 0x07, 0xC0, 0x00,
	0x7C, 0x00, 0x07, 0xC0, 0x00, 0x7C, 0x00, 0x07, 0xC0, 0x00, 0x7E, 0x00,
	0x0F, 0xC0, 0x00, 0x3F, 0xFF, 0xFF, 0x80, 0x00, 0x3F, 0xFF, 0xFF, 0x80,
	0x00, 0x1F, 0xFF, 0xFF, 0x00, 0x00, 0x0F, 0xFF, 0xFE, 0x00, 0x00, 0x03,
	0xFF, 0xF8, 0x00, 0x00, 0x00, 0x00, 0x00, 0x00, 0x00, 0x00, 0x00, 0x00,
	0x00, 0x00, 0x00, 0x00, 0x00, 0x00, 0x00, 0x00, 0x00, 0x00, 0x00, 0x00,
	0x00, 0x00, 0x00, 0x00, 0x00, 0x00, 0x00, 0x00, 0x00, 0x00, 0x00, 0x00,
	0x00, 0x00, 0x00, 0x00, 0x00, 0x00, 0x00, 0x00, 0x00, 0x00, 0x00, 0x00,
	0x00
};

// 'P', 33x53px
static const unsigned char PROGMEM fd_glyph_80[] = {
	0x00, 0x00, 0x00, 0x00, 0x00, 0x00, 0x00, 0x00, 0x00, 0x00, 0x00, 0x00,
	0x00, 0x00, 0x00, 0x00, 0x00, 0x00, 0x00, 0x00, 0x00, 0x00, 0x00, 0x00,
	0x00, 0x00, 0x00, 0x00, 0x00, 0x00, 0x00, 0x00, 0x00, 0x00, 0x00, 0x00,
	0x00, 0x00, 0x00, 0x00, 0x3F, 0xFF, 0xF8, 0x00, 0x00, 0x7F, 0xFF, 0xFE,
	0x00, 0x00, 0x7F, 0xFF, 0xFF, 0x00, 0x00, 0x7F, 0xFF, 0xFF, 0x80, 0x00,
	0x7F, 0xFF, 0xFF, 0x80, 0x00, 0x7C, 0x00, 0x0F, 0xC0, 0x00, 0x7C, 0x00,
	0x07, 0xC0, 0x00, 0x7C, 0x00, 0x07, 0xC0, 0x00, 0x7C, 0x00, 0x07, 0xC0,
	0x00, 0x7C, 0x00, 0x07, 0xC0, 0x00, 0x7C, 0x00, 0x07, 0xC0, 0x00, 0x7C,
	0x00, 0x07, 0xC0, 0x00, 0x7C, 0x00, 0x07, 0xC0, 0x00, 0x7C, 0x00, 0x07,
	0xC0, 0x00, 0x7C, 0x00, 0x0F, 0xC0, 0x00, 0x7F, 0xFF, 0xFF, 0x80, 0x00,
	0x7F, 0xFF, 0xFF, 0x80, 0x00, 0x7F, 0xFF, 0xFF, 0x00, 0x00, 0x7F, 0xFF,
	0xFE, 0x00, 0x00, 0x7F, 0xFF, 0xF8, 0x00, 0x00, 0x7C, 0x00, 0x00, 0x00,
	0x00, 0x7C, 0x00, 0x00, 0x00, 0x00, 0x7C, 0x00, 0x00, 0x00, 0x00, 0x7C,
	0x00, 0x00, 0x00, 0x00, 0x7C, 0x00, 0x00, 0x00, 0x00, 0x7C, 0x00, 0x00,
	0x00, 0x00, 0x7C, 0x00, 0x00, 0x00, 0x00, 0x7C, 0x00, 0x00, 0x00, 0x00,
	0x7C, 0x00, 0x00, 0x00, 0x00, 0x7C, 0x00, 0x00, 0x00, 0x00, 0x7C, 0x00,
	0x00, 0x00, 0x00, 0x7C, 0x00, 0x00, 0x00, 0x00, 0x7C, 0x00, 0x00, 0x00,
	0x00, 0x7C, 0x00, 0x00, 0x00, 0x00, 0x7C, 0x00, 0x00, 0x00, 0x00, 0x38,
	0x00, 0x00, 0x00, 0x00, 0x00, 0x00, 0x00, 0x00, 0x00, 0x00, 0x00, 0x00,
	0x00, 0x00, 0x00, 0x00, 0x00, 0x00, 0x00, 0x00, 0x00, 0x00, 0x00, 0x00,
	0x00, 0x00, 0x00, 0x00, 0x00, 0x00, 0x00, 0x00, 0x00, 0x00, 0x00, 0x00,
	0x00, 0x00, 0x00, 0x00, 0x00, 0x00, 0x00, 0x00, 0x00, 0x00, 0x00, 0x00,
	0x00
};

// 'Q', 33x53px
static const unsigned char PROGMEM fd_glyph_81[] = {
	0x00, 0x00, 0x00, 0x00, 0x00, 0x00, 0x00, 0x00, 0x00, 0x00, 0x00, 0x00,
	0x00, 0x00, 0x00, 0x00, 0x00, 0x00, 0x00, 0x00, 0x00, 0x00, 0x00, 0x00,
	0x00, 0x00, 0x00, 0x00, 0x00, 0x00, 0x00, 0x00, 0x00, 0x00, 0x00, 0x00,
	0x00, 0x00, 0x00, 0x00, 0x03, 0xFF, 0xF8, 0x00, 0x00, 0x0F, 0xFF, 0xFE,
	0x00, 0x00, 0x1F, 0xFF, 0xFF, 0x00, 0x00, 0x3F, 0xFF, 0xFF, 0x80, 0x00,
	0x3F, 0xFF, 0xFF, 0x80, 0x00, 0x7E, 0x00, 0x0F, 0xC0, 0x00, 0x7C, 0x00,
	0x07, 0xC0, 0x00, 0x7C, 0x00, 0x07, 0xC0, 0x00, 0x7C, 0x00, 0x07, 0xC0,
	0x00, 0x7C, 0x00, 0x07, 0xC0, 0x00, 0x7C, 0x00, 0x07, 0xC0, 0x00, 0x7C,
	0x00, 0x07, 0xC0, 0x00, 0x7C, 0x00, 0x07, 0xC0, 0x00, 0x7C, 0x00, 0x07,
	0xC0, 0x00, 0x7C, 0x00, 0x07, 0xC0, 0x00, 0x7C, 0x00, 0x07, 0xC0, 0x00,
	0x7C, 0x00, 0x07, 0xC0, 0x00, 0x7C, 0x00, 0x07, 0xC0, 0x00, 0x7C, 0x00,
	0x07, 0xC0, 0x00, 0x7C, 0x00, 0x07, 0xC0, 0x00, 0x7C, 0x00, 0x07, 0xC0,
	0x00, 0x7C, 0x00, 0x07, 0xC0, 0x00, 0x7C, 0x00, 0x07, 0xC0, 0x00, 0x7C,
	0x00, 0x07, 0xC0, 0x00, 0x7C, 0x00, 0x07, 0xC0, 0x00, 0x7C, 0x00, 0xE7,
	0xC0, 0x00, 0x7C, 0x01, 0xF7, 0xC0, 0x00, 0x7C, 0x01, 0xFF, 0xC0, 0x00,
	0x7C, 0x01, 0xFF, 0xC0, 0x00, 0x7C, 0x00, 0xFF, 0xC0, 0x00, 0x7E, 0x00,
	0x7F, 0xC0, 0x00, 0x3F, 0xFF, 0xFF, 0x80, 0x00, 0x3F, 0xFF, 0xFF, 0xC0,
	0x00, 0x1F, 0xFF, 0xFF, 0xC0, 0x00, 0x0F, 0xFF, 0xFF, 0xC0, 0x00, 0x03,
	0xFF, 0xFB, 0x80, 0x00, 0x00, 0x00, 0x00, 0x00, 0x00, 0x00, 0x00, 0x00,
	0x00, 0x00, 0x00, 0x00, 0x00, 0x00, 0x00, 0x00, 0x00, 0x00, 0x00, 0x00,
	0x00, 0x00, 0x00, 0x00, 0x00, 0x00, 0x00, 0x00, 0x00, 0x00, 0x00, 0x00,
	0x00, 0x00, 0x00, 0x00, 0x00, 0x00, 0x00, 0x00, 0x00, 0x00, 0x00, 0x00,
	0x00
};

// 'R', 33x53px
static const unsigned char PROGMEM fd_glyph_82[] = {
	0x00, 0x00, 0x00, 0x00, 0x00, 0x00, 0x00, 0x00, 0x00, 0x00, 0x00, 0x00,
	0x00, 0x00, 0x00, 0x00, 0x00, 0x00, 0x00, 0x00, 0x00, 0x00, 0x00, 0x00,
	0x00, 0x00, 0x00, 0x00, 0x00, 0x00, 0x00, 0x00, 0x00, 0x00, 0x00, 0x00,
	0x00, 0x00, 0x00, 0x00, 0x3F, 0xFF, 0xF8, 0x00, 0x00, 0x7F, 0xFF, 0xFE,
	0x00, 0x00, 0x7F, 0xFF, 0xFF, 0x00, 0x00, 0x7F, 0xFF, 0xFF, 0x80, 0x00,
	0x7F, 0xFF, 0xFF, 0x80, 0x00, 0x7C, 0x00, 0x0F, 0xC0, 0x00, 0x7C, 0x00,
	0x07, 0xC0, 0x00, 0x7C, 0x00, 0x07, 0xC0, 0x00, 0x7C, 0x00, 0x07, 0xC0,
	0x00, 0x7C, 0x00, 0x07, 0xC0, 0x00, 0x7C, 0x00, 0x07, 0xC0, 0x00, 0x7C,
	0x00, 0x07, 0xC0, 0x00, 0x7C, 0x00, 0x07, 0xC0, 0x00, 0x7C, 0x00, 0x07,
	0xC0, 0x00, 0x7C, 0x00, 0x0F, 0xC0, 0x00, 0x7F, 0xFF, 0xFF, 0x80, 0x00,
	0x7F, 0xFF, 0xFF, 0x80, 0x00, 0x7F, 0xFF, 0xFF, 0x00, 0x00, 0x7F, 0xFF,
	0xFE, 0x00, 0x00, 0x7F, 0xFF, 0xF8, 0x00, 0x00, 0x7C, 0x07, 0xF0, 0x00,
	0x00, 0x7C, 0x03, 0xF8, 0x00, 0x00, 0x7C, 0x01, 0xFC, 0x00, 0x00, 0x7C,
	0x00, 0xFE, 0x00, 0x00, 0x7C, 0x00, 0x7F, 0x00, 0x00, 0x7C, 0x00, 0x3F,
	0x80, 0x00, 0x7C, 0x00, 0x1F, 0xC0, 0x00, 0x7C, 0x00, 0x0F, 0xC0, 0x00,
	0x7C, 0x00, 0x07, 0xC0, 0x00, 0x7C, 0x00, 0x07, 0xC0, 0x00, 0x7C, 0x00,
	0x07, 0xC0, 0x00, 0x7C, 0x00, 0x07, 0xC0, 0x00, 0x7C, 0x00, 0x07, 0xC0,
	0x00, 0x7C, 0x00, 0x07, 0xC0, 0x00, 0x7C, 0x00, 0x07, 0xC0, 0x00, 0x38,
	0x00, 0x03, 0x80, 0x00, 0x00, 0x00, 0x00, 0x00, 0x00, 0x00, 0x00, 0x00,
	0x00, 0x00, 0x00, 0x00, 0x00, 0x00, 0x00, 0x00, 0x00, 0x00, 0x00, 0x00,
	0x00, 0x00, 0x00, 0x00, 0x00, 0x00, 0x00, 0x00, 0x00, 0x00, 0x00, 0x00,
	0x00, 0x00, 0x00, 0x00, 0x00, 0x00, 0x00, 0x00, 0x00, 0x00, 0x00, 0x00,
	0x00
};

// 'S', 33x53px
static const unsigned char PROGMEM fd_glyph_83[] = {
	0x00, 0x00, 0x00, 0x00, 0x00, 0x00, 0x00, 0x00, 0x00, 0x00, 0x00, 0x00,
	0x00, 0x00, 0x00, 0x00, 0x00, 0x00, 0x00, 0x00, 0x00, 0x00, 0x00, 0x00,
	0x00, 0x00, 0x00, 0x00, 0x00, 0x00, 0x00, 0x00, 0x00, 0x00, 0x00, 0x00,
	0x00, 0x00, 0x00, 0x00, 0x03, 0xFF, 0xFF, 0x80, 0x00, 0x0F, 0xFF, 0xFF,
	0xC0, 0x00, 0x1F, 0xFF, 0xFF, 0xC0, 0x00, 0x3F, 0xFF, 0xFF, 0xC0, 0x00,
	0x3F, 0xFF, 0xFF, 0xC0, 0x00, 0x7E, 0x00, 0x07, 0xC0, 0x00, 0x7C, 0x00,
	0x07, 0xC0, 0x00, 0x7C, 0x00, 0x07, 0xC0, 0x00, 0x7C, 0x00, 0x03, 0x80,
	0x00, 0x7C, 0x00, 0x00, 0x00, 0x00, 0x7C, 0x00, 0x00, 0x00, 0x00, 0x7C,
	0x00, 0x00, 0x00, 0x00, 0x7C, 0x00, 0x00, 0x00, 0x00, 0x7C, 0x00, 0x00,
	0x00, 0x00, 0x7E, 0x00, 0x00, 0x00, 0x00, 0x3F, 0xFF, 0xF8, 0x00, 0x00,
	0x3F, 0xFF, 0xFE, 0x00, 0x00, 0x1F, 0xFF, 0xFF, 0x00, 0x00, 0x0F, 0xFF,
	0xFF, 0x80, 0x00, 0x03, 0xFF, 0xFF, 0x80, 0x00, 0x00, 0x00, 0x0F, 0xC0,
	0x00, 0x00, 0x00, 0x07, 0xC0, 0x00, 0x00, 0x00, 0x07, 0xC0, 0x00, 0x00,
	0x00, 0x07, 0xC0, 0x00, 0x00, 0x00, 0x07, 0xC0, 0x00, 0x00, 0x00, 0x07,
	0xC0, 0x00, 0x30, 0x00, 0x07, 0xC0, 0x00, 0x7C, 0x00, 0x07, 0xC0, 0x00,
	0x7C, 0x00, 0x07, 0xC0, 0x00, 0x7C, 0x00, 0x07, 0xC0, 0x00, 0x7C, 0x00,
	0x0F, 0xC0, 0x00, 0x7F, 0xFF, 0xFF, 0x80, 0x00, 0x7F, 0xFF, 0xFF, 0x80,
	0x00, 0x7F, 0xFF, 0xFF, 0x00, 0x00, 0x7F, 0xFF, 0xFE, 0x00, 0x00, 0x3F,
	0xFF, 0xF8, 0x00, 0x00, 0x00, 0x00, 0x00, 0x00, 0x00, 0x00, 0x00, 0x00,
	0x00, 0x00, 0x00, 0x00, 0x00, 0x00, 0x00, 0x00, 0x00, 0x00, 0x00, 0x00,
	0x00, 0x00, 0x00, 0x00, 0x00, 0x00, 0x00, 0x00, 0x00, 0x00, 0x00, 0x00,
	0x00, 0x00, 0x00, 0x00, 0x00, 0x00, 0x00, 0x00, 0x00, 0x00, 0x00, 0x00,
	0x00
};

// 'T', 33x53px
static const unsigned char PROGMEM fd_glyph_84[] = {
	0x00, 0x00, 0x00, 0x00, 0x00, 0x00, 0x00, 0x00, 0x00, 0x00, 0x00, 0x00,
	0x00, 0x00, 0x00, 0x00, 0x00, 0x00, 0x00, 0x00, 0x00, 0x00, 0x00, 0x00,
	0x00, 0x00, 0x00, 0x00, 0x00, 0x00, 0x00, 0x00, 0x00, 0x00, 0x00, 0x00,
	0x00, 0x00, 0x00, 0x00, 0x1F, 0xFF, 0xFF, 0xC0, 0x00, 0x3F, 0xFF, 0xFF,
	0xE0, 0x00, 0x3F, 0xFF, 0xFF, 0xE0, 0x00, 0x3F, 0xFF, 0xFF, 0xE0, 0x00,
	0x3F, 0xFF, 0xFF, 0xE0, 0x00, 0x3E, 0x0F, 0x83, 0xE0, 0x00, 0x3E, 0x0F,
	0x83, 0xE0, 0x00, 0x3E, 0x0F, 0x83, 0xE0, 0x00, 0x1C, 0x0F, 0x81, 0xE0,
	0x00, 0x08, 0x0F, 0x80, 0x80, 0x00, 0x00, 0x0F, 0x80, 0x00, 0x00, 0x00,
	0x0F, 0x80, 0x00, 0x00, 0x00, 0x0F, 0x80, 0x00, 0x00, 0x00, 0x0F, 0x80,
	0x00, 0x00, 0x00, 0x0F, 0x80, 0x00, 0x00, 0x00, 0x0F, 0x80, 0x00, 0x00,
	0x00, 0x0F, 0x80, 0x00, 0x00, 0x00, 0x0F, 0x80, 0x00, 0x00, 0x00, 0x0F,
	0x80, 0x00, 0x00, 0x00, 0x0F, 0x80, 0x00, 0x00, 0x00, 0x0F, 0x80, 0x00,
	0x00, 0x00, 0x0F, 0x80, 0x00, 0x00, 0x00, 0x0F, 0x80, 0x00, 0x00, 0x00,
	0x0F, 0x80, 0x00, 0x00, 0x00, 0x0F, 0x80, 0x00, 0x00, 0x00, 0x0F, 0x80,
	0x00, 0x00, 0x00, 0x0F, 0x80, 0x00, 0x00, 0x00, 0x0F, 0x80, 0x00, 0x00,
	0x00, 0x0F, 0x80, 0x00, 0x00, 0x00, 0x0F, 0x80, 0x00, 0x00, 0x00, 0x0F,
	0x80, 0x00, 0x00, 0x00, 0x0F, 0x80, 0x00, 0x00, 0x00, 0x0F, 0x80, 0x00,
	0x00, 0x00, 0x0F, 0x80, 0x00, 0x00, 0x00, 0x0F, 0x80, 0x00, 0x00, 0x00,
	0x07, 0x00, 0x00, 0x00, 0x00, 0x00, 0x00, 0x00, 0x00, 0x00, 0x00, 0x00,
	0x00, 0x00, 0x00, 0x00, 0x00, 0x00, 0x00, 0x00, 0x00, 0x00, 0x00, 0x00,
	0x00, 0x00, 0x00, 0x00, 0x00, 0x00, 0x00, 0x00, 0x00, 0x00, 0x00, 0x00,
	0x00, 0x00, 0x00, 0x00, 0x00, 0x00, 0x00, 0x00, 0x00, 0x00, 0x00, 0x00,
	0x00
};

// 'U', 33x53px
static const unsigned char PROGMEM fd_glyph_85[] = {
	0x00, 0x00, 0x00, 0x00, 0x00, 0x00, 0x00, 0x00, 0x00, 0x00, 0x00, 0x00,
	0x00, 0x00, 0x00, 0x00, 0x00, 0x00, 0x00, 0x00, 0x00, 0x00, 0x00, 0x00,
	0x00, 0x00, 0x00, 0x00, 0x00, 0x00, 0x00, 0x00, 0x00, 0x00, 0x00, 0x00,
	0x00, 0x00, 0x00, 0x00, 0x38, 0x00, 0x03, 0x80, 0x00, 0x7C, 0x00, 0x07,
	0xC0, 0x00, 0x7C, 0x00, 0x07, 0xC0, 0x00, 0x7C, 0x00, 0x07, 0xC0, 0x00,
	0x7C, 0x00, 0x07, 0xC0, 0x00, 0x7C, 0x00, 0x07, 0xC0, 0x00, 0x7C, 0x00,
	0x07, 0xC0, 0x00, 0x7C, 0x00, 0x07, 0xC0, 0x00, 0x7C, 0x00, 0x07, 0xC0,
	0x00, 0x7C, 0x00, 0x07, 0xC0, 0x00, 0x7C, 0x00, 0x07, 0xC0, 0x00, 0x7C,
	0x00, 0x07, 0xC0, 0x00, 0x7C, 0x00, 0x07, 0xC0, 0x00, 0x7C, 0x00, 0x07,
	0xC0, 0x00, 0x7C, 0x00, 0x07, 0xC0, 0x00, 0x7C, 0x00, 0x07, 0xC0, 0x00,
	0x7C, 0x00, 0x07, 0xC0, 0x00, 0x7C, 0x00, 0x07, 0xC0, 0x00, 0x7C, 0x00,
	0x07, 0xC0, 0x00, 0x7C, 0x00, 0x07, 0xC0, 0x00, 0x7C, 0x00, 0x07, 0xC0,
	0x00, 0x7C, 0x00, 0x07, 0xC0, 0x00, 0x7C, 0x00, 0x07, 0xC0, 0x00, 0x7C,
	0x00, 0x07, 0xC0, 0x00, 0x7C, 0x00, 0x07, 0xC0, 0x00, 0x7C, 0x00, 0x07,
	0xC0, 0x00, 0x7C, 0x00, 0x07, 0xC0, 0x00, 0x7C, 0x00, 0x07, 0xC0, 0x00,
	0x7C, 0x00, 0x07, 0xC0, 0x00, 0x7C, 0x00, 0x07, 0xC0, 0x00, 0x7E, 0x00,
	0x0F, 0xC0, 0x00, 0x3F, 0xFF, 0xFF, 0x80, 0x00, 0x3F, 0xFF, 0xFF, 0x80,
	0x00, 0x1F, 0xFF, 0xFF, 0x00, 0x00, 0x0F, 0xFF, 0xFE, 0x00, 0x00, 0x03,
	0xFF, 0xF8, 0x00, 0x00, 0x00, 0x00, 0x00, 0x00, 0x00, 0x00, 0x00, 0x00,
	0x00, 0x00, 0x00, 0x00, 0x00, 0x00, 0x00, 0x00, 0x00, 0x00, 0x00, 0x00,
	0x00, 0x00, 0x00, 0x00, 0x00, 0x00, 0x00, 0x00, 0x00, 0x00, 0x00, 0x00,
	0x00, 0x00, 0x00, 0x00, 0x00, 0x00, 0x00, 0x00, 0x00, 0x00, 0x00, 0x00,
	0x00
};

// 'V', 33x53px
static const unsigned char PROGMEM fd_glyph_86[] = {
	0x00, 0x00, 0x00, 0x00, 0x00, 0x00, 0x00, 0x00, 0x00, 0x00, 0x00, 0x00,
	0x00, 0x00, 0x00, 0x00, 0x00, 0x00, 0x00, 0x00, 0x00, 0x00, 0x00, 0x00,
	0x00, 0x00, 0x00, 0x00, 0x00, 0x00, 0x00, 0x00, 0x00, 0x00, 0x00, 0x00,
	0x00, 0x00, 0x00, 0x00, 0x38, 0x00, 0x03, 0x80, 0x00, 0x7C, 0x00, 0x07,
	0xC0, 0x00, 0x7C, 0x00, 0x07, 0xC0, 0x00, 0x7C, 0x00, 0x07, 0xC0, 0x00,
	0x7C, 0x00, 0x07, 0xC0, 0x00, 0x7C, 0x00, 0x07, 0xC0, 0x00, 0x7C, 0x00,
	0x07, 0xC0, 0x00, 0x7C, 0x00, 0x07, 0xC0, 0x00, 0x7C, 0x00, 0x07, 0xC0,
	0x00, 0x7C, 0x00, 0x07, 0xC0, 0x00, 0x7C, 0x00, 0x07, 0xC0, 0x00, 0x7C,
	0x00, 0x07, 0xC0, 0x00, 0x7C, 0x00, 0x07, 0xC0, 0x00, 0x7C, 0x00, 0x07,
	0xC0, 0x00, 0x7C, 0x00, 0x07, 0xC0, 0x00, 0x7C, 0x00, 0x07, 0xC0, 0x00,
	0x7C, 0x00, 0x07, 0xC0, 0x00, 0x7C, 0x00, 0x07, 0xC0, 0x00, 0x7C, 0x00,
	0x07, 0xC0, 0x00, 0x7E, 0x00, 0x0F, 0xC0, 0x00, 0x7E, 0x00, 0x0F, 0xC0,
	0x00, 0x3F, 0x00, 0x1F, 0x80, 0x00, 0x1F, 0x80, 0x3F, 0x00, 0x00, 0x1F,
	0x80, 0x3F, 0x00, 0x00, 0x0F, 0xC0, 0x7E, 0x00, 0x00, 0x07, 0xE0, 0xFC,
	0x00, 0x00, 0x07, 0xF1, 0xFC, 0x00, 0x00, 0x03, 0xF1, 0xF8, 0x00, 0x00,
	0x01, 0xFB, 0xF0, 0x00, 0x00, 0x00, 0xFF, 0xE0, 0x00, 0x00, 0x00, 0xFF,
	0xE0, 0x00, 0x00, 0x00, 0x7F, 0xC0, 0x00, 0x00, 0x00, 0x3F, 0x80, 0x00,
	0x00, 0x00, 0x3F, 0x80, 0x00, 0x00, 0x00, 0x1F, 0x00, 0x00, 0x00, 0x00,
	0x0E, 0x00, 0x00, 0x00, 0x00, 0x00, 0x00, 0x00, 0x00, 0x00, 0x00, 0x00,
	0x00, 0x00, 0x00, 0x00, 0x00, 0x00, 0x00, 0x00, 0x00, 0x00, 0x00, 0x00,
	0x00, 0x00, 0x00, 0x00, 0x00, 0x00, 0x00, 0x00, 0x00, 0x00, 0x00, 0x00,
	0x00, 0x00, 0x00, 0x00, 0x00, 0x00, 0x00, 0x00, 0x00, 0x00, 0x00, 0x00,
	0x00
};

// 'W', 33x53px
static const unsigned char PROGMEM fd_glyph_87[] = {
	0x00, 0x00, 0x00, 0x00, 0x00, 0x00, 0x00, 0x00, 0x00, 0x00, 0x00, 0x00,
	0x00, 0x00, 0x00, 0x00, 0x00, 0x00, 0x00, 0x00, 0x00, 0x00, 0x00, 0x00,
	0x00, 0x00, 0x00, 0x00, 0x00, 0x00, 0x00, 0x00, 0x00, 0x00, 0x00, 0x00,
	0x00, 0x00, 0x00, 0x00, 0x38, 0x00, 0x03, 0x80, 0x00, 0x7C, 0x00, 0x07,
	0xC0, 0x00, 0x7C, 0x00, 0x07, 0xC0, 0x00, 0x7C, 0x00, 0x07, 0xC0, 0x00,
	0x7C, 0x00, 0x07, 0xC0, 0x00, 0x7C, 0x00, 0x07, 0xC0, 0x00, 0x7C, 0x00,
	0x07, 0xC0, 0x00, 0x7C, 0x00, 0x07, 0xC0, 0x00, 0x7C, 0x00, 0x07, 0xC0,
	0x00, 0x7C, 0x00, 0x07, 0xC0, 0x00, 0x7C, 0x00, 0x07, 0xC0, 0x00, 0x7C,
	0x00, 0x07, 0xC0, 0x00, 0x7C, 0x00, 0x07, 0xC0, 0x00, 0x7C, 0x0E, 0x07,
	0xC0, 0x00, 0x7C, 0x1F, 0x07, 0xC0, 0x00, 0x7C, 0x1F, 0x07, 0xC0, 0x00,
	0x7C, 0x1F, 0x07, 0xC0, 0x00, 0x7C, 0x1F, 0x07, 0xC0, 0x00, 0x7C, 0x1F,
	0x07, 0xC0, 0x00, 0x7C, 0x1F, 0x87, 0xC0, 0x00, 0x7C, 0x3F, 0x87, 0xC0,
	0x00, 0x7C, 0x7F, 0xC7, 0xC0, 0x00, 0x7C, 0xFF, 0xE7, 0xC0, 0x00, 0x7C,
	0xFF, 0xF7, 0xC0, 0x00, 0x7D, 0xFB, 0xF7, 0xC0, 0x00, 0x7F, 0xF1, 0xFF,
	0xC0, 0x00, 0x7F, 0xF0, 0xFF, 0xC0, 0x00, 0x7F, 0xE0, 0xFF, 0xC0, 0x00,
	0x7F, 0xC0, 0x7F, 0xC0, 0x00, 0x7F, 0xC0, 0x3F, 0xC0, 0x00, 0x7F, 0x80,
	0x3F, 0xC0, 0x00, 0x7F, 0x00, 0x1F, 0xC0, 0x00, 0x7E, 0x00, 0x0F, 0xC0,
	0x00, 0x7E, 0x00, 0x07, 0xC0, 0x00, 0x7C, 0x00, 0x07, 0xC0, 0x00, 0x38,
	0x00, 0x03, 0x80, 0x00, 0x00, 0x00, 0x00, 0x00, 0x00, 0x00, 0x00, 0x00,
	0x00, 0x00, 0x00, 0x00, 0x00, 0x00, 0x00, 0x00, 0x00, 0x00, 0x00, 0x00,
	0x00, 0x00, 0x00, 0x00, 0x00, 0x00, 0x00, 0x00, 0x00, 0x00, 0x00, 0x00,
	0x00, 0x00, 0x00, 0x00, 0x00, 0x00, 0x00, 0x00, 0x00, 0x00, 0x00, 0x00,
	0x00
};

// 'X', 33x53px
static const unsigned char PROGMEM fd_glyph_88[] = {
	0x00, 0x00, 0x00, 0x00, 0x00, 0x00, 0x00, 0x00, 0x00, 0x00, 0x00, 0x00,
	0x00, 0x00, 0x00, 0x00, 0x00, 0x00, 0x00, 0x00, 0x00, 0x00, 0x00, 0x00,
	0x00, 0x00, 0x00, 0x00, 0x00, 0x00, 0x00, 0x00, 0x00, 0x00, 0x00, 0x00,
	0x00, 0x00, 0x00, 0x00, 0x1C, 0x00, 0x01, 0xC0, 0x00, 0x3E, 0x00, 0x03,
	0xE0, 0x00, 0x3E, 0x00, 0x03, 0xE0, 0x00, 0x3E, 0x00, 0x03, 0xE0, 0x00,
	0x3E, 0x00, 0x03, 0xE0, 0x00, 0x3E, 0x00, 0x03, 0xE0, 0x00, 0x3E, 0x00,
	0x03, 0xE0, 0x00, 0x3E, 0x00, 0x03, 0xE0, 0x00, 0x3F, 0x00, 0x07, 0xE0,
	0x00, 0x3F, 0x80, 0x0F, 0xE0, 0x00, 0x1F, 0xC0, 0x1F, 0xC0, 0x00, 0x0F,
	0xE0, 0x3F, 0x80, 0x00, 0x07, 0xF0, 0x7F, 0x00, 0x00, 0x03, 0xF8, 0xFE,
	0x00, 0x00, 0x01, 0xFD, 0xFC, 0x00, 0x00, 0x00, 0xFF, 0xF8, 0x00, 0x00,
	0x00, 0x7F, 0xF0, 0x00, 0x00, 0x00, 0x3F, 0xE0, 0x00, 0x00, 0x00, 0x3F,
	0xE0, 0x00, 0x00, 0x00, 0x7F, 0xF0, 0x00, 0x00, 0x00, 0xFF, 0xF8, 0x00,
	0x00, 0x01, 0xFD, 0xFC, 0x00, 0x00, 0x03, 0xF8, 0xFE, 0x00, 0x00, 0x07,
	0xF0, 0x7F, 0x00, 0x00, 0x0F, 0xE0, 0x3F, 0x80, 0x00, 0x1F, 0xC0, 0x1F,
	0xC0, 0x00, 0x3F, 0x80, 0x0F, 0xE0, 0x00, 0x3F, 0x00, 0x07, 0xE0, 0x00,
	0x3E, 0x00, 0x03, 0xE0, 0x00, 0x3E, 0x00, 0x03, 0xE0, 0x00, 0x3E, 0x00,
	0x03, 0xE0, 0x00, 0x3E, 0x00, 0x03, 0xE0, 0x00, 0x3E, 0x00, 0x03, 0xE0,
	0x00, 0x3E, 0x00, 0x03, 0xE0, 0x00, 0x3E, 0x00, 0x03, 0xE0, 0x00, 0x1C,
	0x00, 0x01, 0xC0, 0x00, 0x00, 0x00, 0x00, 0x00, 0x00, 0x00, 0x00, 0x00,
	0x00, 0x00, 0x00, 0x00, 0x00, 0x00, 0x00, 0x00, 0x00, 0x00, 0x00, 0x00,
	0x00, 0x00, 0x00, 0x00, 0x00, 0x00, 0x00, 0x00, 0x00, 0x00, 0x00, 0x00,
	0x00, 0x00, 0x00, 0x00, 0x00, 0x00, 0x00, 0x00, 0x00, 0x00, 0x00, 0x00,
	0x00
};

// 'Y', 33x53px
static const unsigned char PROGMEM fd_glyph_89[] = {
	0x00, 0x00, 0x00, 0x00, 0x00, 0x00, 0x00, 0x00, 0x00, 0x00, 0x00, 0x00,
	0x00, 0x00, 0x00, 0x00, 0x00, 0x00, 0x00, 0x00, 0x00, 0x00, 0x00, 0x00,
	0x00, 0x00, 0x00, 0x00, 0x00, 0x00, 0x00, 0x00, 0x00, 0x00, 0x00, 0x00,
	0x00, 0x00, 0x00, 0x00, 0x38, 0x00, 0x03, 0x80, 0x00, 0x7C, 0x00, 0x07,
	0xC0, 0x00, 0x7C, 0x00, 0x07, 0xC0, 0x00, 0x7C, 0x00, 0x07, 0xC0, 0x00,
	0x7C, 0x00, 0x07, 0xC0, 0x00, 0x7C, 0x00, 0x07, 0xC0, 0x00, 0x7C, 0x00,
	0x07, 0xC0, 0x00, 0x7C, 0x00, 0x07, 0xC0, 0x00, 0x7E, 0x00, 0x0F, 0xC0,
	0x00, 0x7F, 0x00, 0x1F, 0xC0, 0x00, 0x3F, 0x80, 0x3F, 0x80, 0x00, 0x1F,
	0xC0, 0x7F, 0x00, 0x00, 0x0F, 0xE0, 0xFE, 0x00, 0x00, 0x07, 0xF1, 0xFC,
	0x00, 0x00, 0x03, 0xFB, 0xF8, 0x00, 0x00, 0x01, 0xFF, 0xF0, 0x00, 0x00,
	0x00, 0xFF, 0xE0, 0x00, 0x00, 0x00, 0x7F, 0xC0, 0x00, 0x00, 0x00, 0x3F,
	0x80, 0x00, 0x00, 0x00, 0x1F, 0x00, 0x00, 0x00, 0x00, 0x1F, 0x00, 0x00,
	0x00, 0x00, 0x1F, 0x00, 0x00, 0x00, 0x00, 0x1F, 0x00, 0x00, 0x00, 0x00,
	0x1F, 0x00, 0x00, 0x00, 0x00, 0x1F, 0x00, 0x00, 0x00, 0x00, 0x1F, 0x00,
	0x00, 0x00, 0x00, 0x1F, 0x00, 0x00, 0x00, 0x00, 0x1F, 0x00, 0x00, 0x00,
	0x00, 0x1F, 0x00, 0x00, 0x00, 0x00, 0x1F, 0x00, 0x00, 0x00, 0x00, 0x1F,
	0x00, 0x00, 0x00, 0x00, 0x1F, 0x00, 0x00, 0x00, 0x00, 0x1F, 0x00, 0x00,
	0x00, 0x00, 0x1F, 0x00, 0x00, 0x00, 0x00, 0x1F, 0x00, 0x00, 0x00, 0x00,
	0x0E, 0x00, 0x00, 0x00, 0x00, 0x00, 0x00, 0x00, 0x00, 0x00, 0x00, 0x00,
	0x00, 0x00, 0x00, 0x00, 0x00, 0x00, 0x00, 0x00, 0x00, 0x00, 0x00, 0x00,
	0x00, 0x00, 0x00, 0x00, 0x00, 0x00, 0x00, 0x00, 0x00, 0x00, 0x00, 0x00,
	0x00, 0x00, 0x00, 0x00, 0x00, 0x00, 0x00, 0x00, 0x00, 0x00, 0x00, 0x00,
	0x00
};

// 'Z', 33x53px
static const unsigned char PROGMEM fd_glyph_90[] = {
	0x00, 0x00, 0x00, 0x00, 0x00, 0x00, 0x00, 0x00, 0x00, 0x00, 0x00, 0x00,
	0x00, 0x00, 0x00, 0x00, 0x00, 0x00, 0x00, 0x00, 0x00, 0x00, 0x00, 0x00,
	0x00, 0x00, 0x00, 0x00, 0x00, 0x00, 0x00, 0x00, 0x00, 0x00, 0x00, 0x00,
	0x00, 0x00, 0x00, 0x00, 0x3F, 0xFF, 0xFF, 0x80, 0x00, 0x7F, 0xFF, 0xFF,
	0xC0, 0x00, 0x7F, 0xFF, 0xFF, 0xC0, 0x00, 0x7F, 0xFF, 0xFF, 0xC0, 0x00,
	0x7F, 0xFF, 0xFF, 0xC0, 0x00, 0x7C, 0x00, 0x07, 0xC0, 0x00, 0x7C, 0x00,
	0x07, 0xC0, 0x00, 0x7C, 0x00, 0x0F, 0xC0, 0x00, 0x78, 0x00, 0x1F, 0xC0,
	0x00, 0x10, 0x00, 0x3F, 0x80, 0x00, 0x00, 0x00, 0x7F, 0x00, 0x00, 0x00,
	0x00, 0xFE, 0x00, 0x00, 0x00, 0x01, 0xFC, 0x00, 0x00, 0x00, 0x03, 0xF8,
	0x00, 0x00, 0x00, 0x07, 0xF0, 0x00, 0x00, 0x00, 0x0F, 0xE0, 0x00, 0x00,
	0x00, 0x1F, 0xC0, 0x00, 0x00, 0x00, 0x3F, 0x80, 0x00, 0x00, 0x00, 0x7F,
	0x00, 0x00, 0x00, 0x00, 0xFE, 0x00, 0x00, 0x00, 0x01, 0xFC, 0x00, 0x00,
	0x00, 0x03, 0xF8, 0x00, 0x00, 0x00, 0x07, 0xF0, 0x00, 0x00, 0x00, 0x0F,
	0xE0, 0x00, 0x00, 0x00, 0x1F, 0xC0, 0x00, 0x00, 0x00, 0x1F, 0x80, 0x00,
	0x00, 0x00, 0x3F, 0x00, 0x01, 0x00, 0x00, 0x7E, 0x00, 0x03, 0xC0, 0x00,
	0x7C, 0x00, 0x07, 0xC0, 0x00, 0x7C, 0x00, 0x07, 0xC0, 0x00, 0x7C, 0x00,
	0x07, 0xC0, 0x00, 0x7F, 0xFF, 0xFF, 0xC0, 0x00, 0x7F, 0xFF, 0xFF, 0xC0,
	0x00, 0x7F, 0xFF, 0xFF, 0xC0, 0x00, 0x7F, 0xFF, 0xFF, 0xC0, 0x00, 0x3F,
	0xFF, 0xFF, 0x80, 0x00, 0x00, 0x00, 0x00, 0x00, 0x00, 0x00, 0x00, 0x00,
	0x00, 0x00, 0x00, 0x00, 0x00, 0x00, 0x00, 0x00, 0x00, 0x00, 0x00, 0x00,
	0x00, 0x00, 0x00, 0x00, 0x00, 0x00, 0x00, 0x00, 0x00, 0x00, 0x00, 0x00,
	0x00, 0x00, 0x00, 0x00, 0x00, 0x00, 0x00, 0x00, 0x00, 0x00, 0x00, 0x00,
	0x00
};

// '_', 33x53px
static const unsigned char PROGMEM fd_glyph_95[] = {
	0x00, 0x00, 0x00, 0x00, 0x00, 0x00, 0x00, 0x00, 0x00, 0x00, 0x00, 0x00,
	0x00, 0x00, 0x00, 0x00, 0x00, 0x00, 0x00, 0x00, 0x00, 0x00, 0x00, 0x00,
	0x00, 0x00, 0x00, 0x00, 0x00, 0x00, 0x00, 0x00, 0x00, 0x00, 0x00, 0x00,
	0x00, 0x00, 0x00, 0x00, 0x00, 0x00, 0x00, 0x00, 0x00, 0x00, 0x00, 0x00,
	0x00, 0x00, 0x00, 0x00, 0x00, 0x00, 0x00, 0x00, 0x00, 0x00, 0x00, 0x00,
	0x00, 0x00, 0x00, 0x00, 0x00, 0x00, 0x00, 0x00, 0x00, 0x00, 0x00, 0x00,
	0x00, 0x00, 0x00, 0x00, 0x00, 0x00, 0x00, 0x00, 0x00, 0x00, 0x00, 0x00,
	0x00, 0x00, 0x00, 0x00, 0x00, 0x00, 0x00, 0x00, 0x00, 0x00, 0x00, 0x00,
	0x00, 0x00, 0x00, 0x00, 0x00, 0x00, 0x00, 0x00, 0x00, 0x00, 0x00, 0x00,
	0x00, 0x00, 0x00, 0x00, 0x00, 0x00, 0x00, 0x00, 0x00, 0x00, 0x00, 0x00,
	0x00, 0x00, 0x00, 0x00, 0x00, 0x00, 0x00, 0x00, 0x00, 0x00, 0x00, 0x00,
	0x00, 0x00, 0x00, 0x00, 0x00, 0x00, 0x00, 0x00, 0x00, 0x00, 0x00, 0x00,
	0x00, 0x00, 0x00, 0x00, 0x00, 0x00, 0x00, 0x00, 0x00, 0x00, 0x00, 0x00,
	0x00, 0x00, 0x00, 0x00, 0x00, 0x00, 0x00, 0x00, 0x00, 0x00, 0x00, 0x00,
	0x00, 0x00, 0x00, 0x00, 0x00, 0x00, 0x00, 0x00, 0x00, 0x00, 0x00, 0x00,
	0x00, 0x00, 0x00, 0x00, 0x00, 0x00, 0x00, 0x00, 0x00, 0x00, 0x00, 0x00,
	0x00, 0x00, 0x00, 0x00, 0x00, 0x00, 0x00, 0x00, 0x00, 0x00, 0x00, 0x00,
	0x00, 0x00, 0x00, 0x00, 0x00, 0x00, 0x00, 0x00, 0x00, 0x00, 0x00, 0x00,
	0x00, 0x00, 0x00, 0x00, 0x00, 0x00, 0x00, 0x00, 0x00, 0x00, 0x00, 0x00,
	0x00, 0x00, 0x00, 0x00, 0x00, 0x00, 0x00, 0x1F, 0xFF, 0xFF, 0xFC, 0x00,
	0x1F, 0xFF, 0xFF, 0xFC, 0x00, 0x1F, 0xFF, 0xFF, 0xFC, 0x00, 0x1F, 0xFF,
	0xFF, 0xFC, 0x00, 0x1F, 0xFF, 0xFF, 0xFC, 0x00, 0x1F, 0xFF, 0xFF, 0xFC,
	0x00
};

// 'a', 33x53px
static const unsigned char PROGMEM fd_glyph_97[] = {
	0x00, 0x00, 0x00, 0x00, 0x00, 0x00, 0x00, 0x00, 0x00, 0x00, 0x00, 0x00,
	0x00, 0x00, 0x00, 0x00, 0x00, 0x00, 0x00, 0x00, 0x00, 0x00, 0x00, 0x00,
	0x00, 0x00, 0x00, 0x00, 0x00, 0x00, 0x00, 0x00, 0x00, 0x00, 0x00, 0x00,
	0x00, 0x00, 0x00, 0x00, 0x00, 0x07, 0x00, 0x00, 0x00, 0x00, 0x0F, 0x80,
	0x00, 0x00, 0x00, 0x1F, 0xC0, 0x00, 0x00, 0x00, 0x1F, 0xC0, 0x00, 0x00,
	0x00, 0x3F, 0xE0, 0x00, 0x00, 0x00, 0x7F, 0xF0, 0x00, 0x00, 0x00, 0x7F,
	0xF0, 0x00, 0x00, 0x00, 0xFD, 0xF8, 0x00, 0x00, 0x01, 0xF8, 0xFC, 0x00,
	0x00, 0x01, 0xF0, 0x7E, 0x00, 0x00, 0x03, 0xF0, 0x7E, 0x00, 0x00, 0x07,
	0xE0, 0x3F, 0x00, 0x00, 0x0F, 0xC0, 0x1F, 0x80, 0x00, 0x0F, 0xC0, 0x1F,
	0x80, 0x00, 0x1F, 0x80, 0x0F, 0xC0, 0x00, 0x3F, 0x00, 0x07, 0xE0, 0x00,
	0x3E, 0x00, 0x03, 0xE0, 0x00, 0x3E, 0x00, 0x03, 0xE0, 0x00, 0x3E, 0x00,
	0x03, 0xE0, 0x00, 0x3E, 0x00, 0x03, 0xE0, 0x00, 0x3E, 0x00, 0x03, 0xE0,
	0x00, 0x3E, 0x00, 0x03, 0xE0, 0x00, 0x3F, 0xFF, 0xFF, 0xE0, 0x00, 0x3F,
	0xFF, 0xFF, 0xE0, 0x00, 0x3F, 0xFF, 0xFF, 0xE0, 0x00, 0x3F, 0xFF, 0xFF,
	0xE0, 0x00, 0x3F, 0xFF, 0xFF, 0xE0, 0x00, 0x3E, 0x00, 0x03, 0xE0, 0x00,
	0x3E, 0x00, 0x03, 0xE0, 0x00, 0x3E, 0x00, 0x03, 0xE0, 0x00, 0x3E, 0x00,
	0x03, 0xE0, 0x00, 0x3E, 0x00, 0x03, 0xE0, 0x00, 0x3E, 0x00, 0x03, 0xE0,
	0x00, 0x3E, 0x00, 0x03, 0xE0, 0x00, 0x3E, 0x00, 0x03, 0xE0, 0x00, 0x1C,
	0x00, 0x01, 0xC0, 0x00, 0x00, 0x00, 0x00, 0x00, 0x00, 0x00, 0x00, 0x00,
	0x00, 0x00, 0x00, 0x00, 0x00, 0x00, 0x00, 0x00, 0x00, 0x00, 0x00, 0x00,
	0x00, 0x00, 0x00, 0x00, 0x00, 0x00, 0x00, 0x00, 0x00, 0x00, 0x00, 0x00,
	0x00, 0x00, 0x00, 0x00, 0x00, 0x00, 0x00, 0x00, 0x00, 0x00, 0x00, 0x00,
	0x00
};

// 'b', 33x53px
static const unsigned char PROGMEM fd_glyph_98[] = {
	0x00, 0x00, 0x00, 0x00, 0x00, 0x00, 0x00, 0x00, 0x00, 0x00, 0x00, 0x00,
	0x00, 0x00, 0x00, 0x00, 0x00, 0x00, 0x00, 0x00, 0x00, 0x00, 0x00, 0x00,
	0x00, 0x00, 0x00, 0x00, 0x00, 0x00, 0x00, 0x00, 0x00, 0x00, 0x00, 0x00,
	0x00, 0x00, 0x00, 0x00, 0x1F, 0xFF, 0xFC, 0x00, 0x00, 0x3F, 0xFF, 0xFF,
	0x00, 0x00, 0x3F, 0xFF, 0xFF, 0x80, 0x00, 0x3F, 0xFF, 0xFF, 0xC0, 0x00,
	0x3F, 0xFF, 0xFF, 0xC0, 0x00, 0x3E, 0x00, 0x07, 0xE0, 0x00, 0x3E, 0x00,
	0x03, 0xE0, 0x00, 0x3E, 0x00, 0x03, 0xE0, 0x00, 0x3E, 0x00, 0x03, 0xE0,
	0x00, 0x3E, 0x00, 0x03, 0xE0, 0x00, 0x3E, 0x00, 0x03, 0xE0, 0x00, 0x3E,
	0x00, 0x03, 0xE0, 0x00, 0x3E, 0x00, 0x03, 0xE0, 0x00, 0x3E, 0x00, 0x03,
	0xE0, 0x00, 0x3E, 0x00, 0x07, 0xE0, 0x00, 0x3F, 0xFF, 0xFF, 0xC0, 0x00,
	0x3F, 0xFF, 0xFF, 0xC0, 0x00, 0x3F, 0xFF, 0xFF, 0x80, 0x00, 0x3F, 0xFF,
	0xFF, 0xC0, 0x00, 0x3F, 0xFF, 0xFF, 0xC0, 0x00, 0x3E, 0x00, 0x07, 0xE0,
	0x00, 0x3E, 0x00, 0x03, 0xE0, 0x00, 0x3E, 0x00, 0x03, 0xE0, 0x00, 0x3E,
	0x00, 0x03, 0xE0, 0x00, 0x3E, 0x00, 0x03, 0xE0, 0x00, 0x3E, 0x00, 0x03,
	0xE0, 0x00, 0x3E, 0x00, 0x03, 0xE0, 0x00, 0x3E, 0x00, 0x03, 0xE0, 0x00,
	0x3E, 0x00, 0x03, 0xE0, 0x00, 0x3E, 0x00, 0x03, 0xE0, 0x00, 0x3E, 0x00,
	0x07, 0xE0, 0x00, 0x3F, 0xFF, 0xFF, 0xC0, 0x00, 0x3F, 0xFF, 0xFF, 0xC0,
	0x00, 0x3F, 0xFF, 0xFF, 0x80, 0x00, 0x3F, 0xFF, 0xFF, 0x00, 0x00, 0x1F,
	0xFF, 0xFC, 0x00, 0x00, 0x00, 0x00, 0x00, 0x00, 0x00, 0x00, 0x00, 0x00,
	0x00, 0x00, 0x00, 0x00, 0x00, 0x00, 0x00, 0x00, 0x00, 0x00, 0x00, 0x00,
	0x00, 0x00, 0x00, 0x00, 0x00, 0x00, 0x00, 0x00, 0x00, 0x00, 0x00, 0x00,
	0x00, 0x00, 0x00, 0x00, 0x00, 0x00, 0x00, 0x00, 0x00, 0x00, 0x00, 0x00,
	0x00
};

// 'c', 33x53px
static const unsigned char PROGMEM fd_glyph_99[] = {
	0x00, 0x00, 0x00, 0x00, 0x00, 0x00, 0x00, 0x00, 0x00, 0x00, 0x00, 0x00,
	0x00, 0x00, 0x00, 0x00, 0x00, 0x00, 0x00, 0x00, 0x00, 0x00, 0x00, 0x00,
	0x00, 0x00, 0x00, 0x00, 0x00, 0x00, 0x00, 0x00, 0x00, 0x00, 0x00, 0x00,
	0x00, 0x00, 0x00, 0x00, 0x03, 0xFF, 0xF8, 0x00, 0x00, 0x0F, 0xFF, 0xFE,
	0x00, 0x00, 0x1F, 0xFF, 0xFF, 0x00, 0x00, 0x3F, 0xFF, 0xFF, 0x80, 0x00,
	0x3F, 0xFF, 0xFF, 0x80, 0x00, 0x7E, 0x00, 0x0F, 0xC0, 0x00, 0x7C, 0x00,
	0x07, 0xC0, 0x00, 0x7C, 0x00, 0x07, 0xC0, 0x00, 0x7C, 0x00, 0x07, 0xC0,
	0x00, 0x7C, 0x00, 0x03, 0x80, 0x00, 0x7C, 0x00, 0x00, 0x00, 0x00, 0x7C,
	0x00, 0x00, 0x00, 0x00, 0x7C, 0x00, 0x00, 0x00, 0x00, 0x7C, 0x00, 0x00,
	0x00, 0x00, 0x7C, 0x00, 0x00, 0x00, 0x00, 0x7C, 0x00, 0x00, 0x00, 0x00,
	0x7C, 0x00, 0x00, 0x00, 0x00, 0x7C, 0x00, 0x00, 0x00, 0x00, 0x7C, 0x00,
	0x00, 0x00, 0x00, 0x7C, 0x00, 0x00, 0x00, 0x00, 0x7C, 0x00, 0x00, 0x00,
	0x00, 0x7C, 0x00, 0x00, 0x00, 0x00, 0x7C, 0x00, 0x00, 0x00, 0x00, 0x7C,
	0x00, 0x00, 0x00, 0x00, 0x7C, 0x00, 0x00, 0x00, 0x00, 0x7C, 0x00, 0x00,
	0x00, 0x00, 0x7C, 0x00, 0x03, 0x80, 0x00, 0x7C, 0x00, 0x07, 0xC0, 0x00,
	0x7C, 0x00, 0x07, 0xC0, 0x00, 0x7C, 0x00, 0x07, 0xC0, 0x00, 0x7E, 0x00,
	0x0F, 0xC0, 0x00, 0x3F, 0xFF, 0xFF, 0x80, 0x00, 0x3F, 0xFF, 0xFF, 0x80,
	0x00, 0x1F, 0xFF, 0xFF, 0x00, 0x00, 0x0F, 0xFF, 0xFE, 0x00, 0x00, 0x03,
	0xFF, 0xF8, 0x00, 0x00, 0x00, 0x00, 0x00, 0x00, 0x00, 0x00, 0x00, 0x00,
	0x00, 0x00, 0x00, 0x00, 0x00, 0x00, 0x00, 0x00, 0x00, 0x00, 0x00, 0x00,
	0x00, 0x00, 0x00, 0x00, 0x00, 0x00, 0x00, 0x00, 0x00, 0x00, 0x00, 0x00,
	0x00, 0x00, 0x00, 0x00, 0x00, 0x00, 0x00, 0x00, 0x00, 0x00, 0x00, 0x00,
	0x00
};

// 'd', 33x53px
static const unsigned char PROGMEM fd_glyph_100[] = {
	0x00, 0x00, 0x00, 0x00, 0x00, 0x00, 0x00, 0x00, 0x00, 0x00, 0x00, 0x00,
	0x00, 0x00, 0x00, 0x00, 0x00, 0x00, 0x00, 0x00, 0x00, 0x00, 0x00, 0x00,
	0x00, 0x00, 0x00, 0x00, 0x00, 0x00, 0x00, 0x00, 0x00, 0x00, 0x00, 0x00,
	0x00, 0x00, 0x00, 0x00, 0x1F, 0xFF, 0xFC, 0x00, 0x00, 0x3F, 0xFF, 0xFF,
	0x00, 0x00, 0x3F, 0xFF, 0xFF, 0x80, 0x00, 0x3F, 0xFF, 0xFF, 0xC0, 0x00,
	0x3F, 0xFF, 0xFF, 0xC0, 0x00, 0x3E, 0x00, 0x07, 0xE0, 0x00, 0x3E, 0x00,
	0x03, 0xE0, 0x00, 0x3E, 0x00, 0x03, 0xE0, 0x00, 0x3E, 0x00, 0x03, 0xE0,
	0x00, 0x3E, 0x00, 0x03, 0xE0, 0x00, 0x3E, 0x00, 0x03, 0xE0, 0x00, 0x3E,
	0x00, 0x03, 0xE0, 0x00, 0x3E, 0x00, 0x03, 0xE0, 0x00, 0x3E, 0x00, 0x03,
	0xE0, 0x00, 0x3E, 0x00, 0x03, 0xE0, 0x00, 0x3E, 0x00, 0x03, 0xE0, 0x00,
	0x3E, 0x00, 0x03, 0xE0, 0x00, 0x3E, 0x00, 0x03, 0xE0, 0x00, 0x3E, 0x00,
	0x03, 0xE0, 0x00, 0x3E, 0x00, 0x03, 0xE0, 0x00, 0x3E, 0x00, 0x03, 0xE0,
	0x00, 0x3E, 0x00, 0x03, 0xE0, 0x00, 0x3E, 0x00, 0x03, 0xE0, 0x00, 0x3E,
	0x00, 0x03, 0xE0, 0x00, 0x3E, 0x00, 0x03, 0xE0, 0x00, 0x3E, 0x00, 0x03,
	0xE0, 0x00, 0x3E, 0x00, 0x03, 0xE0, 0x00, 0x3E, 0x00, 0x03, 0xE0, 0x00,
	0x3E, 0x00, 0x03, 0xE0, 0x00, 0x3E, 0x00, 0x03, 0xE0, 0x00, 0x3E, 0x00,
	0x07, 0xE0, 0x00, 0x3F, 0xFF, 0xFF, 0xC0, 0x00, 0x3F, 0xFF, 0xFF, 0xC0,
	0x00, 0x3F, 0xFF, 0xFF, 0x80, 0x00, 0x3F, 0xFF, 0xFF, 0x00, 0x00, 0x1F,
	0xFF, 0xFC, 0x00, 0x00, 0x00, 0x00, 0x00, 0x00, 0x00, 0x00, 0x00, 0x00,
	0x00, 0x00, 0x00, 0x00, 0x00, 0x00, 0x00, 0x00, 0x00, 0x00, 0x00, 0x00,
	0x00, 0x00, 0x00, 0x00, 0x00, 0x00, 0x00, 0x00, 0x00, 0x00, 0x00, 0x00,
	0x00, 0x00, 0x00, 0x00, 0x00, 0x00, 0x00, 0x00, 0x00, 0x00, 0x00, 0x00,
	0x00
};

// 'e', 33x53px
static const unsigned char PROGMEM fd_glyph_101[] = {
	0x00, 0x00, 0x00, 0x00, 0x00, 0x00, 0x00, 0x00, 0x00, 0x00, 0x00, 0x00,
	0x00, 0x00, 0x00, 0x00, 0x00, 0x00, 0x00, 0x00, 0x00, 0x00, 0x00, 0x00,
	0x00, 0x00, 0x00, 0x00, 0x00, 0x00, 0x00, 0x00, 0x00, 0x00, 0x00, 0x00,
	0x00, 0x00, 0x00, 0x00, 0x3F, 0xFF, 0xF8, 0x00, 0x00, 0x7F, 0xFF, 0xFE,
	0x00, 0x00, 0x7F, 0xFF, 0xFF, 0x00, 0x00, 0x7F, 0xFF, 0xFF, 0x80, 0x00,
	0x7F, 0xFF, 0xFF, 0x80, 0x00, 0x7C, 0x00, 0x0F, 0xC0, 0x00, 0x7C, 0x00,
	0x07, 0xC0, 0x00, 0x7C, 0x00, 0x07, 0xC0, 0x00, 0x7C, 0x00, 0x07, 0xC0,
	0x00, 0x7C, 0x00, 0x03, 0x80, 0x00, 0x7C, 0x00, 0x00, 0x00, 0x00, 0x7C,
	0x00, 0x00, 0x00, 0x00, 0x7C, 0x00, 0x00, 0x00, 0x00, 0x7C, 0x00, 0x00,
	0x00, 0x00, 0x7C, 0x00, 0x00, 0x00, 0x00, 0x7C, 0x00, 0x00, 0x00, 0x00,
	0x7F, 0xFF, 0xC0, 0x00, 0x00, 0x7F, 0xFF, 0xE0, 0x00, 0x00, 0x7F, 0xFF,
	0xE0, 0x00, 0x00, 0x7F, 0xFF, 0xE0, 0x00, 0x00, 0x7F, 0xFF, 0xC0, 0x00,
	0x00, 0x7C, 0x00, 0x00, 0x00, 0x00, 0x7C, 0x00, 0x00, 0x00, 0x00, 0x7C,
	0x00, 0x00, 0x00, 0x00, 0x7C, 0x00, 0x00, 0x00, 0x00, 0x7C, 0x00, 0x00,
	0x00, 0x00, 0x7C, 0x00, 0x03, 0x80, 0x00, 0x7C, 0x00, 0x07, 0xC0, 0x00,
	0x7C, 0x00, 0x07, 0xC0, 0x00, 0x7C, 0x00, 0x07, 0xC0, 0x00, 0x7C, 0x00,
	0x0F, 0xC0, 0x00, 0x7F, 0xFF, 0xFF, 0x80, 0x00, 0x7F, 0xFF, 0xFF, 0x80,
	0x00, 0x7F, 0xFF, 0xFF, 0x00, 0x00, 0x7F, 0xFF, 0xFE, 0x00, 0x00, 0x3F,
	0xFF, 0xF8, 0x00, 0x00, 0x00, 0x00, 0x00, 0x00, 0x00, 0x00, 0x00, 0x00,
	0x00, 0x00, 0x00, 0x00, 0x00, 0x00, 0x00, 0x00, 0x00, 0x00, 0x00, 0x00,
	0x00, 0x00, 0x00, 0x00, 0x00, 0x00, 0x00, 0x00, 0x00, 0x00, 0x00, 0x00,
	0x00, 0x00, 0x00, 0x00, 0x00, 0x00, 0x00, 0x00, 0x00, 0x00, 0x00, 0x00,
	0x00
};

// 'f', 33x53px
static const unsigned char PROGMEM fd_glyph_102[] = {
	0x00, 0x00, 0x00, 0x00, 0x00, 0x00, 0x00, 0x00, 0x00, 0x00, 0x00, 0x00,
	0x00, 0x00, 0x00, 0x00, 0x00, 0x00, 0x00, 0x00, 0x00, 0x00, 0x00, 0x00,
	0x00, 0x00, 0x00, 0x00, 0x00, 0x00, 0x00, 0x00, 0x00, 0x00, 0x00, 0x00,
	0x00, 0x00, 0x00, 0x00, 0x3F, 0xFF, 0xF8, 0x00, 0x00, 0x7F, 0xFF, 0xFE,
	0x00, 0x00, 0x7F, 0xFF, 0xFF, 0x00, 0x00, 0x7F, 0xFF, 0xFF, 0x80, 0x00,
	0x7F, 0xFF, 0xFF, 0x80, 0x00, 0x7C, 0x00, 0x0F, 0xC0, 0x00, 0x7C, 0x00,
	0x07, 0xC0, 0x00, 0x7C, 0x00, 0x07, 0xC0, 0x00, 0x7C, 0x00, 0x07, 0xC0,
	0x00, 0x7C, 0x00, 0x03, 0x80, 0x00, 0x7C, 0x00, 0x00, 0x00, 0x00, 0x7C,
	0x00, 0x00, 0x00, 0x00, 0x7C, 0x00, 0x00, 0x00, 0x00, 0x7C, 0x00, 0x00,
	0x00, 0x00, 0x7C, 0x00, 0x00, 0x00, 0x00, 0x7C, 0x00, 0x00, 0x00, 0x00,
	0x7F, 0xFF, 0xC0, 0x00, 0x00, 0x7F, 0xFF, 0xE0, 0x00, 0x00, 0x7F, 0xFF,
	0xE0, 0x00, 0x00, 0x7F, 0xFF, 0xE0, 0x00, 0x00, 0x7F, 0xFF, 0xC0, 0x00,
	0x00, 0x7C, 0x00, 0x00, 0x00, 0x00, 0x7C, 0x00, 0x00, 0x00, 0x00, 0x7C,
	0x00, 0x00, 0x00, 0x00, 0x7C, 0x00, 0x00, 0x00, 0x00, 0x7C, 0x00, 0x00,
	0x00, 0x00, 0x7C, 0x00, 0x00, 0x00, 0x00, 0x7C, 0x00, 0x00, 0x00, 0x00,
	0x7C, 0x00, 0x00, 0x00, 0x00, 0x7C, 0x00, 0x00, 0x00, 0x00, 0x7C, 0x00,
	0x00, 0x00, 0x00, 0x7C, 0x00, 0x00, 0x00, 0x00, 0x7C, 0x00, 0x00, 0x00,
	0x00, 0x7C, 0x00, 0x00, 0x00, 0x00, 0x7C, 0x00, 0x00, 0x00, 0x00, 0x38,
	0x00, 0x00, 0x00, 0x00, 0x00, 0x00, 0x00, 0x00, 0x00, 0x00, 0x00, 0x00,
	0x00, 0x00, 0x00, 0x00, 0x00, 0x00, 0x00, 0x00, 0x00, 0x00, 0x00, 0x00,
	0x00, 0x00, 0x00, 0x00, 0x00, 0x00, 0x00, 0x00, 0x00, 0x00, 0x00, 0x00,
	0x00, 0x00, 0x00, 0x00, 0x00, 0x00, 0x00, 0x00, 0x00, 0x00, 0x00, 0x00,
	0x00
};

// 'g', 33x53px
static const unsigned char PROGMEM fd_glyph_103[] = {
	0x00, 0x00, 0x00, 0x00, 0x00, 0x00, 0x00, 0x00, 0x00, 0x00, 0x00, 0x00,
	0x00, 0x00, 0x00, 0x00, 0x00, 0x00, 0x00, 0x00, 0x00, 0x00, 0x00, 0x00,
	0x00, 0x00, 0x00, 0x00, 0x00, 0x00, 0x00, 0x00, 0x00, 0x00, 0x00, 0x00,
	0x00, 0x00, 0x00, 0x00, 0x03, 0xFF, 0xF8, 0x00, 0x00, 0x0F, 0xFF, 0xFE,
	0x00, 0x00, 0x1F, 0xFF, 0xFF, 0x00, 0x00, 0x3F, 0xFF, 0xFF, 0x80, 0x00,
	0x3F, 0xFF, 0xFF, 0x80, 0x00, 0x7E, 0x00, 0x0F, 0xC0, 0x00, 0x7C, 0x00,
	0x07, 0xC0, 0x00, 0x7C, 0x00, 0x07, 0xC0, 0x00, 0x7C, 0x00, 0x07, 0xC0,
	0x00, 0x7C, 0x00, 0x03, 0x80, 0x00, 0x7C, 0x00, 0x00, 0x00, 0x00, 0x7C,
	0x00, 0x00, 0x00, 0x00, 0x7C, 0x00, 0x00, 0x00, 0x00, 0x7C, 0x00, 0x00,
	0x00, 0x00, 0x7C, 0x00, 0x00, 0x00, 0x00, 0x7C, 0x00, 0x00, 0x00, 0x00,
	0x7C, 0x07, 0xFF, 0x80, 0x00, 0x7C, 0x07, 0xFF, 0xC0, 0x00, 0x7C, 0x0F,
	0xFF, 0xC0, 0x00, 0x7C, 0x07, 0xFF, 0xC0, 0x00, 0x7C, 0x07, 0xFF, 0xC0,
	0x00, 0x7C, 0x00, 0x07, 0xC0, 0x00, 0x7C, 0x00, 0x07, 0xC0, 0x00, 0x7C,
	0x00, 0x07, 0xC0, 0x00, 0x7C, 0x00, 0x07, 0xC0, 0x00, 0x7C, 0x00, 0x07,
	0xC0, 0x00, 0x7C, 0x00, 0x07, 0xC0, 0x00, 0x7C, 0x00, 0x07, 0xC0, 0x00,
	0x7C, 0x00, 0x07, 0xC0, 0x00, 0x7C, 0x00, 0x07, 0xC0, 0x00, 0x7E, 0x00,
	0x0F, 0xC0, 0x00, 0x3F, 0xFF, 0xFF, 0x80, 0x00, 0x3F, 0xFF, 0xFF, 0x80,
	0x00, 0x1F, 0xFF, 0xFF, 0x00, 0x00, 0x0F, 0xFF, 0xFE, 0x00, 0x00, 0x03,
	0xFF, 0xF8, 0x00, 0x00, 0x00, 0x00, 0x00, 0x00, 0x00, 0x00, 0x00, 0x00,
	0x00, 0x00, 0x00, 0x00, 0x00, 0x00, 0x00, 0x00, 0x00, 0x00, 0x00, 0x00,
	0x00, 0x00, 0x00, 0x00, 0x00, 0x00, 0x00, 0x00, 0x00, 0x00, 0x00, 0x00,
	0x00, 0x00, 0x00, 0x00, 0x00, 0x00, 0x00, 0x00, 0x00, 0x00, 0x00, 0x00,
	0x00
};

// 'h', 33x53px
static const unsigned char PROGMEM fd_glyph_104[] = {
	0x00, 0x00, 0x00, 0x00, 0x00, 0x00, 0x00, 0x00, 0x00, 0x00, 0x00, 0x00,
	0x00, 0x00, 0x00, 0x00, 0x00, 0x00, 0x00, 0x00, 0x00, 0x00, 0x00, 0x00,
	0x00, 0x00, 0x00, 0x00, 0x00, 0x00, 0x00, 0x00, 0x00, 0x00, 0x00, 0x00,
	0x00, 0x00, 0x00, 0x00, 0x38, 0x00, 0x03, 0x80, 0x00, 0x7C, 0x00, 0x07,
	0xC0, 0x00, 0x7C, 0x00, 0x07, 0xC0, 0x00, 0x7C, 0x00, 0x07, 0xC0, 0x00,
	0x7C, 0x00, 0x07, 0xC0, 0x00, 0x7C, 0x00, 0x07, 0xC0, 0x00, 0x7C, 0x00,
	0x07, 0xC0, 0x00, 0x7C, 0x00, 0x07, 0xC0, 0x00, 0x7C, 0x00, 0x07, 0xC0,
	0x00, 0x7C, 0x00, 0x07, 0xC0, 0x00, 0x7C, 0x00, 0x07, 0xC0, 0x00, 0x7C,
	0x00, 0x07, 0xC0, 0x00, 0x7C, 0x00, 0x07, 0xC0, 0x00, 0x7C, 0x00, 0x07,
	0xC0, 0x00, 0x7C, 0x00, 0x07, 0xC0, 0x00, 0x7C, 0x00, 0x07, 0xC0, 0x00,
	0x7F, 0xFF, 0xFF, 0xC0, 0x00, 0x7F, 0xFF, 0xFF, 0xC0, 0x00, 0x7F, 0xFF,
	0xFF, 0xC0, 0x00, 0x7F, 0xFF, 0xFF, 0xC0, 0x00, 0x7F, 0xFF, 0xFF, 0xC0,
	0x00, 0x7C, 0x00, 0x07, 0xC0, 0x00, 0x7C, 0x00, 0x07, 0xC0, 0x00, 0x7C,
	0x00, 0x07, 0xC0, 0x00, 0x7C, 0x00, 0x07, 0xC0, 0x00, 0x7C, 0x00, 0x07,
	0xC0, 0x00, 0x7C, 0x00, 0x07, 0xC0, 0x00, 0x7C, 0x00, 0x07, 0xC0, 0x00,
	0x7C, 0x00, 0x07, 0xC0, 0x00, 0x7C, 0x00, 0x07, 0xC0, 0x00, 0x7C, 0x00,
	0x07, 0xC0, 0x00, 0x7C, 0x00, 0x07, 0xC0, 0x00, 0x7C, 0x00, 0x07, 0xC0,
	0x00, 0x7C, 0x00, 0x07, 0xC0, 0x00, 0x7C, 0x00, 0x07, 0xC0, 0x00, 0x38,
	0x00, 0x03, 0x80, 0x00, 0x00, 0x00, 0x00, 0x00, 0x00, 0x00, 0x00, 0x00,
	0x00, 0x00, 0x00, 0x00, 0x00, 0x00, 0x00, 0x00, 0x00, 0x00, 0x00, 0x00,
	0x00, 0x00, 0x00, 0x00, 0x00, 0x00, 0x00, 0x00, 0x00, 0x00, 0x00, 0x00,
	0x00, 0x00, 0x00, 0x00, 0x00, 0x00, 0x00, 0x00, 0x00, 0x00, 0x00, 0x00,
	0x00
};

// 'i', 33x53px
static const unsigned char PROGMEM fd_glyph_105[] = {
	0x00, 0x00, 0x00, 0x00, 0x00, 0x00, 0x00, 0x00, 0x00, 0x00, 0x00, 0x00,
	0x00, 0x00, 0x00, 0x00, 0x00, 0x00, 0x00, 0x00, 0x00, 0x00, 0x00, 0x00,
	0x00, 0x00, 0x00, 0x00, 0x00, 0x00, 0x00, 0x00, 0x00, 0x00, 0x00, 0x00,
	0x00, 0x00, 0x00, 0x00, 0x01, 0xFF, 0xE0, 0x00, 0x00, 0x03, 0xFF, 0xF0,
	0x00, 0x00, 0x03, 0xFF, 0xF0, 0x00, 0x00, 0x03, 0xFF, 0xF0, 0x00, 0x00,
	0x01, 0xFF, 0xE0, 0x00, 0x00, 0x00, 0x3E, 0x00, 0x00, 0x00, 0x00, 0x3E,
	0x00, 0x00, 0x00, 0x00, 0x3E, 0x00, 0x00, 0x00, 0x00, 0x3E, 0x00, 0x00,
	0x00, 0x00, 0x3E, 0x00, 0x00, 0x00, 0x00, 0x3E, 0x00, 0x00, 0x00, 0x00,
	0x3E, 0x00, 0x00, 0x00, 0x00, 0x3E, 0x00, 0x00, 0x00, 0x00, 0x3E, 0x00,
	0x00, 0x00, 0x00, 0x3E, 0x00, 0x00, 0x00, 0x00, 0x3E, 0x00, 0x00, 0x00,
	0x00, 0x3E, 0x00, 0x00, 0x00, 0x00, 0x3E, 0x00, 0x00, 0x00, 0x00, 0x3E,
	0x00, 0x00, 0x00, 0x00, 0x3E, 0x00, 0x00, 0x00, 0x00, 0x3E, 0x00, 0x00,
	0x00, 0x00, 0x3E, 0x00, 0x00, 0x00, 0x00, 0x3E, 0x00, 0x00, 0x00, 0x00,
	0x3E, 0x00, 0x00, 0x00, 0x00, 0x3E, 0x00, 0x00, 0x00, 0x00, 0x3E, 0x00,
	0x00, 0x00, 0x00, 0x3E, 0x00, 0x00, 0x00, 0x00, 0x3E, 0x00, 0x00, 0x00,
	0x00, 0x3E, 0x00, 0x00, 0x00, 0x00, 0x3E, 0x00, 0x00, 0x00, 0x00, 0x3E,
	0x00, 0x00, 0x00, 0x01, 0xFF, 0xE0, 0x00, 0x00, 0x03, 0xFF, 0xF0, 0x00,
	0x00, 0x03, 0xFF, 0xF0, 0x00, 0x00, 0x03, 0xFF, 0xF0, 0x00, 0x00, 0x01,
	0xFF, 0xE0, 0x00, 0x00, 0x00, 0x00, 0x00, 0x00, 0x00, 0x00, 0x00, 0x00,
	0x00, 0x00, 0x00, 0x00, 0x00, 0x00, 0x00, 0x00, 0x00, 0x00, 0x00, 0x00,
	0x00, 0x00, 0x00, 0x00, 0x00, 0x00, 0x00, 0x00, 0x00, 0x00, 0x00, 0x00,
	0x00, 0x00, 0x00, 0x00, 0x00, 0x00, 0x00, 0x00, 0x00, 0x00, 0x00, 0x00,
	0x00
};

// 'j', 33x53px
static const unsigned char PROGMEM fd_glyph_106[] = {
	0x00, 0x00, 0x00, 0x00, 0x00, 0x00, 0x00, 0x00, 0x00, 0x00, 0x00, 0x00,
	0x00, 0x00, 0x00, 0x00, 0x00, 0x00, 0x00, 0x00, 0x00, 0x00, 0x00, 0x00,
	0x00, 0x00, 0x00, 0x00, 0x00, 0x00, 0x00, 0x00, 0x00, 0x00, 0x00, 0x00,
	0x00, 0x00, 0x00, 0x00, 0x00, 0x3F, 0xFF, 0x80, 0x00, 0x00, 0x7F, 0xFF,
	0xC0, 0x00, 0x00, 0x7F, 0xFF, 0xC0, 0x00, 0x00, 0x7F, 0xFF, 0xC0, 0x00,
	0x00, 0x7F, 0xFF, 0xC0, 0x00, 0x00, 0x7C, 0x07, 0xC0, 0x00, 0x00, 0x7C,
	0x07, 0xC0, 0x00, 0x00, 0x7C, 0x07, 0xC0, 0x00, 0x00, 0x78, 0x07, 0xC0,
	0x00, 0x00, 0x10, 0x07, 0xC0, 0x00, 0x00, 0x00, 0x07, 0xC0, 0x00, 0x00,
	0x00, 0x07, 0xC0, 0x00, 0x00, 0x00, 0x07, 0xC0, 0x00, 0x00, 0x00, 0x07,
	0xC0, 0x00, 0x00, 0x00, 0x07, 0xC0, 0x00, 0x00, 0x00, 0x07, 0xC0, 0x00,
	0x00, 0x00, 0x07, 0xC0, 0x00, 0x00, 0x00, 0x07, 0xC0, 0x00, 0x00, 0x00,
	0x07, 0xC0, 0x00, 0x00, 0x00, 0x07, 0xC0, 0x00, 0x00, 0x00, 0x07, 0xC0,
	0x00, 0x00, 0x00, 0x07, 0xC0, 0x00, 0x00, 0x00, 0x07, 0xC0, 0x00, 0x00,
	0x00, 0x07, 0xC0, 0x00, 0x00, 0x00, 0x07, 0xC0, 0x00, 0x00, 0x00, 0x07,
	0xC0, 0x00, 0x38, 0x00, 0x07, 0xC0, 0x00, 0x7C, 0x00, 0x07, 0xC0, 0x00,
	0x7C, 0x00, 0x07, 0xC0, 0x00, 0x7C, 0x00, 0x07, 0xC0, 0x00, 0x7E, 0x00,
	0x0F, 0xC0, 0x00, 0x3F, 0xFF, 0xFF, 0x80, 0x00, 0x3F, 0xFF, 0xFF, 0x80,
	0x00, 0x1F, 0xFF, 0xFF, 0x00, 0x00, 0x0F, 0xFF, 0xFE, 0x00, 0x00, 0x03,
	0xFF, 0xF8, 0x00, 0x00, 0x00, 0x00, 0x00, 0x00, 0x00, 0x00, 0x00, 0x00,
	0x00, 0x00, 0x00, 0x00, 0x00, 0x00, 0x00, 0x00, 0x00, 0x00, 0x00, 0x00,
	0x00, 0x00, 0x00, 0x00, 0x00, 0x00, 0x00, 0x00, 0x00, 0x00, 0x00, 0x00,
	0x00, 0x00, 0x00, 0x00, 0x00, 0x00, 0x00, 0x00, 0x00, 0x00, 0x00, 0x00,
	0x00
};

// 'k', 33x53px
static const unsigned char PROGMEM fd_glyph_107[] = {
	0x00, 0x00, 0x00, 0x00, 0x00, 0x00, 0x00, 0x00, 0x00, 0x00, 0x00, 0x00,
	0x00, 0x00, 0x00, 0x00, 0x00, 0x00, 0x00, 0x00, 0x00, 0x00, 0x00, 0x00,
	0x00, 0x00, 0x00, 0x00, 0x00, 0x00, 0x00, 0x00, 0x00, 0x00, 0x00, 0x00,
	0x00, 0x00, 0x00, 0x00, 0x38, 0x00, 0x03, 0x80, 0x00, 0x7C, 0x00, 0x07,
	0xC0, 0x00, 0x7C, 0x00, 0x07, 0xC0, 0x00, 0x7C, 0x00, 0x07, 0xC0, 0x00,
	0x7C, 0x00, 0x07, 0xC0, 0x00, 0x7C, 0x00, 0x07, 0xC0, 0x00, 0x7C, 0x00,
	0x07, 0xC0, 0x00, 0x7C, 0x00, 0x07, 0xC0, 0x00, 0x7C, 0x00, 0x07, 0xC0,
	0x00, 0x7C, 0x00, 0x07, 0xC0, 0x00, 0x7C, 0x00, 0x0F, 0xC0, 0x00, 0x7C,
	0x00, 0x3F, 0xC0, 0x00, 0x7C, 0x00, 0x7F, 0x80, 0x00, 0x7C, 0x01, 0xFF,
	0x00, 0x00, 0x7C, 0x03, 0xFC, 0x00, 0x00, 0x7F, 0xFF, 0xF8, 0x00, 0x00,
	0x7F, 0xFF, 0xE0, 0x00, 0x00, 0x7F, 0xFF, 0xC0, 0x00, 0x00, 0x7F, 0xFF,
	0xE0, 0x00, 0x00, 0x7F, 0xFF, 0xF8, 0x00, 0x00, 0x7C, 0x07, 0xFC, 0x00,
	0x00, 0x7C, 0x01, 0xFE, 0x00, 0x00, 0x7C, 0x00, 0xFF, 0x80, 0x00, 0x7C,
	0x00, 0x3F, 0xC0, 0x00, 0x7C, 0x00, 0x1F, 0xC0, 0x00, 0x7C, 0x00, 0x0F,
	0xC0, 0x00, 0x7C, 0x00, 0x07, 0xC0, 0x00, 0x7C, 0x00, 0x07, 0xC0, 0x00,
	0x7C, 0x00, 0x07, 0xC0, 0x00, 0x7C, 0x00, 0x07, 0xC0, 0x00, 0x7C, 0x00,
	0x07, 0xC0, 0x00, 0x7C, 0x00, 0x07, 0xC0, 0x00, 0x7C, 0x00, 0x07, 0xC0,
	0x00, 0x7C, 0x00, 0x07, 0xC0, 0x00, 0x7C, 0x00, 0x07, 0xC0, 0x00, 0x38,
	0x00, 0x03, 0x80, 0x00, 0x00, 0x00, 0x00, 0x00, 0x00, 0x00, 0x00, 0x00,
	0x00, 0x00, 0x00, 0x00, 0x00, 0x00, 0x00, 0x00, 0x00, 0x00, 0x00, 0x00,
	0x00, 0x00, 0x00, 0x00, 0x00, 0x00, 0x00, 0x00, 0x00, 0x00, 0x00, 0x00,
	0x00, 0x00, 0x00, 0x00, 0x00, 0x00, 0x00, 0x00, 0x00, 0x00, 0x00, 0x00,
	0x00
};

// 'l', 33x53px
static const unsigned char PROGMEM fd_glyph_108[] = {
	0x00, 0x00, 0x00, 0x00, 0x00, 0x00, 0x00, 0x00, 0x00, 0x00, 0x00, 0x00,
	0x00, 0x00, 0x00, 0x00, 0x00, 0x00, 0x00, 0x00, 0x00, 0x00, 0x00, 0x00,
	0x00, 0x00, 0x00, 0x00, 0x00, 0x00, 0x00, 0x00, 0x00, 0x00, 0x00, 0x00,
	0x00, 0x00, 0x00, 0x00, 0x38, 0x00, 0x00, 0x00, 0x00, 0x7C, 0x00, 0x00,
	0x00, 0x00, 0x7C, 0x00, 0x00, 0x00, 0x00, 0x7C, 0x00, 0x00, 0x00, 0x00,
	0x7C, 0x00, 0x00, 0x00, 0x00, 0x7C, 0x00, 0x00, 0x00, 0x00, 0x7C, 0x00,
	0x00, 0x00, 0x00, 0x7C, 0x00, 0x00, 0x00, 0x00, 0x7C, 0x00, 0x00, 0x00,
	0x00, 0x7C, 0x00, 0x00, 0x00, 0x00, 0x7C, 0x00, 0x00, 0x00, 0x00, 0x7C,
	0x00, 0x00, 0x00, 0x00, 0x7C, 0x00, 0x00, 0x00, 0x00, 0x7C, 0x00, 0x00,
	0x00, 0x00, 0x7C, 0x00, 0x00, 0x00, 0x00, 0x7C, 0x00, 0x00, 0x00, 0x00,
	0x7C, 0x00, 0x00, 0x00, 0x00, 0x7C, 0x00, 0x00, 0x00, 0x00, 0x7C, 0x00,
	0x00, 0x00, 0x00, 0x7C, 0x00, 0x00, 0x00, 0x00, 0x7C, 0x00, 0x00, 0x00,
	0x00, 0x7C, 0x00, 0x00, 0x00, 0x00, 0x7C, 0x00, 0x00, 0x00, 0x00, 0x7C,
	0x00, 0x00, 0x00, 0x00, 0x7C, 0x00, 0x00, 0x00, 0x00, 0x7C, 0x00, 0x00,
	0x00, 0x00, 0x7C, 0x00, 0x03, 0x80, 0x00, 0x7C, 0x00, 0x07, 0xC0, 0x00,
	0x7C, 0x00, 0x07, 0xC0, 0x00, 0x7C, 0x00, 0x07, 0xC0, 0x00, 0x7C, 0x00,
	0x0F, 0xC0, 0x00, 0x7F, 0xFF, 0xFF, 0x80, 0x00, 0x7F, 0xFF, 0xFF, 0x80,
	0x00, 0x7F, 0xFF, 0xFF, 0x00, 0x00, 0x7F, 0xFF, 0xFE, 0x00, 0x00, 0x3F,
	0xFF, 0xF8, 0x00, 0x00, 0x00, 0x00, 0x00, 0x00, 0x00, 0x00, 0x00, 0x00,
	0x00, 0x00, 0x00, 0x00, 0x00, 0x00, 0x00, 0x00, 0x00, 0x00, 0x00, 0x00,
	0x00, 0x00, 0x00, 0x00, 0x00, 0x00, 0x00, 0x00, 0x00, 0x00, 0x00, 0x00,
	0x00, 0x00, 0x00, 0x00, 0x00, 0x00, 0x00, 0x00, 0x00, 0x00, 0x00, 0x00,
	0x00
};

// 'm', 33x53px
static const unsigned char PROGMEM fd_glyph_109[] = {
	0x00, 0x00, 0x00, 0x00, 0x00, 0x00, 0x00, 0x00, 0x00, 0x00, 0x00, 0x00,
	0x00, 0x00, 0x00, 0x00, 0x00, 0x00, 0x00, 0x00, 0x00, 0x00, 0x00, 0x00,
	0x00, 0x00, 0x00, 0x00, 0x00, 0x00, 0x00, 0x00, 0x00, 0x00, 0x00, 0x00,
	0x00, 0x00, 0x00, 0x00, 0x38, 0x00, 0x03, 0x80, 0x00, 0x7C, 0x00, 0x07,
	0xC0, 0x00, 0x7E, 0x00, 0x0F, 0xC0, 0x00, 0x7E, 0x00, 0x0F, 0xC0, 0x00,
	0x7F, 0x00, 0x1F, 0xC0, 0x00, 0x7F, 0x80, 0x3F, 0xC0, 0x00, 0x7F, 0x80,
	0x3F, 0xC0, 0x00, 0x7F, 0xC0, 0x7F, 0xC0, 0x00, 0x7F, 0xE0, 0xFF, 0xC0,
	0x00, 0x7F, 0xF0, 0xFF, 0xC0, 0x00, 0x7F, 0xF1, 0xFF, 0xC0, 0x00, 0x7D,
	0xFB, 0xF7, 0xC0, 0x00, 0x7C, 0xFF, 0xE7, 0xC0, 0x00, 0x7C, 0xFF, 0xE7,
	0xC0, 0x00, 0x7C, 0x7F, 0xC7, 0xC0, 0x00, 0x7C, 0x3F, 0x87, 0xC0, 0x00,
	0x7C, 0x3F, 0x87, 0xC0, 0x00, 0x7C, 0x1F, 0x07, 0xC0, 0x00, 0x7C, 0x1F,
	0x07, 0xC0, 0x00, 0x7C, 0x1F, 0x07, 0xC0, 0x00, 0x7C, 0x1F, 0x07, 0xC0,
	0x00, 0x7C, 0x1F, 0x07, 0xC0, 0x00, 0x7C, 0x0E, 0x07, 0xC0, 0x00, 0x7C,
	0x00, 0x07, 0xC0, 0x00, 0x7C, 0x00, 0x07, 0xC0, 0x00, 0x7C, 0x00, 0x07,
	0xC0, 0x00, 0x7C, 0x00, 0x07, 0xC0, 0x00, 0x7C, 0x00, 0x07, 0xC0, 0x00,
	0x7C, 0x00, 0x07, 0xC0, 0x00, 0x7C, 0x00, 0x07, 0xC0, 0x00, 0x7C, 0x00,
	0x07, 0xC0, 0x00, 0x7C, 0x00, 0x07, 0xC0, 0x00, 0x7C, 0x00, 0x07, 0xC0,
	0x00, 0x7C, 0x00, 0x07, 0xC0, 0x00, 0x7C, 0x00, 0x07, 0xC0, 0x00, 0x38,
	0x00, 0x03, 0x80, 0x00, 0x00, 0x00, 0x00, 0x00, 0x00, 0x00, 0x00, 0x00,
	0x00, 0x00, 0x00, 0x00, 0x00, 0x00, 0x00, 0x00, 0x00, 0x00, 0x00, 0x00,
	0x00, 0x00, 0x00, 0x00, 0x00, 0x00, 0x00, 0x00, 0x00, 0x00, 0x00, 0x00,
	0x00, 0x00, 0x00, 0x00, 0x00, 0x00, 0x00, 0x00, 0x00, 0x00, 0x00, 0x00,
	0x00
};

// 'n', 33x53px
static const unsigned char PROGMEM fd_glyph_110[] = {
	0x00, 0x00, 0x00, 0x00, 0x00, 0x00, 0x00, 0x00, 0x00, 0x00, 0x00, 0x00,
	0x00, 0x00, 0x00, 0x00, 0x00, 0x00, 0x00, 0x00, 0x00, 0x00, 0x00, 0x00,
	0x00, 0x00, 0x00, 0x00, 0x00, 0x00, 0x00, 0x00, 0x00, 0x00, 0x00, 0x00,
	0x00, 0x00, 0x00, 0x00, 0x00, 0x00, 0x00, 0x00, 0x00, 0x3C, 0x00, 0x03,
	0x80, 0x00, 0x7E, 0x00, 0x07, 0xC0, 0x00, 0x7F, 0x00, 0x07, 0xC0, 0x00,
	0x7F, 0x00, 0x07, 0xC0, 0x00, 0x7F, 0x80, 0x07, 0xC0, 0x00, 0x7F, 0xC0,
	0x07, 0xC0, 0x00, 0x7F, 0xC0, 0x07, 0xC0, 0x00, 0x7F, 0xE0, 0x07, 0xC0,
	0x00, 0x7F, 0xF0, 0x07, 0xC0, 0x00, 0x7F, 0xF0, 0x07, 0xC0, 0x00, 0x7D,
	0xF8, 0x07, 0xC0, 0x00, 0x7C, 0xFC, 0x07, 0xC0, 0x00, 0x7C, 0x7E, 0x07,
	0xC0, 0x00, 0x7C, 0x7E, 0x07, 0xC0, 0x00, 0x7C, 0x3F, 0x07, 0xC0, 0x00,
	0x7C, 0x1F, 0x87, 0xC0, 0x00, 0x7C, 0x1F, 0x87, 0xC0, 0x00, 0x7C, 0x0F,
	0xC7, 0xC0, 0x00, 0x7C, 0x07, 0xE7, 0xC0, 0x00, 0x7C, 0x07, 0xF7, 0xC0,
	0x00, 0x7C, 0x03, 0xF7, 0xC0, 0x00, 0x7C, 0x01, 0xFF, 0xC0, 0x00, 0x7C,
	0x00, 0xFF, 0xC0, 0x00, 0x7C, 0x00, 0xFF, 0xC0, 0x00, 0x7C, 0x00, 0x7F,
	0xC0, 0x00, 0x7C, 0x00, 0x3F, 0xC0, 0x00, 0x7C, 0x00, 0x3F, 0xC0, 0x00,
	0x7C, 0x00, 0x1F, 0xC0, 0x00, 0x7C, 0x00, 0x0F, 0xC0, 0x00, 0x7C, 0x00,
	0x07, 0xC0, 0x00, 0x7C, 0x00, 0x07, 0xC0, 0x00, 0x7C, 0x00, 0x07, 0xC0,
	0x00, 0x7C, 0x00, 0x07, 0xC0, 0x00, 0x7C, 0x00, 0x07, 0xC0, 0x00, 0x7C,
	0x00, 0x07, 0xC0, 0x00, 0x38, 0x00, 0x03, 0x80, 0x00, 0x00, 0x00, 0x00,
	0x00, 0x00, 0x00, 0x00, 0x00, 0x00, 0x00, 0x00, 0x00, 0x00, 0x00, 0x00,
	0x00, 0x00, 0x00, 0x00, 0x00, 0x00, 0x00, 0x00, 0x00, 0x00, 0x00, 0x00,
	0x00, 0x00, 0x00, 0x00, 0x00, 0x00, 0x00, 0x00, 0x00, 0x00, 0x00, 0x00,
	0x00
};

// 'o', 33x53px
static const unsigned char PROGMEM fd_glyph_111[] = {
	0x00, 0x00, 0x00, 0x00, 0x00, 0x00, 0x00, 0x00, 0x00, 0x00, 0x00, 0x00,
	0x00, 0x00, 0x00, 0x00, 0x00, 0x00, 0x00, 0x00, 0x00, 0x00, 0x00, 0x00,
	0x00, 0x00, 0x00, 0x00, 0x00, 0x00, 0x00, 0x00, 0x00, 0x00, 0x00, 0x00,
	0x00, 0x00, 0x00, 0x00, 0x03, 0xFF, 0xF8, 0x00, 0x00, 0x0F, 0xFF, 0xFE,
	0x00, 0x00, 0x1F, 0xFF, 0xFF, 0x00, 0x00, 0x3F, 0xFF, 0xFF, 0x80, 0x00,
	0x3F, 0xFF, 0xFF, 0x80, 0x00, 0x7E, 0x00, 0x0F, 0xC0, 0x00, 0x7C, 0x00,
	0x07, 0xC0, 0x00, 0x7C, 0x00, 0x07, 0xC0, 0x00, 0x7C, 0x00, 0x07, 0xC0,
	0x00, 0x7C, 0x00, 0x07, 0xC0, 0x00, 0x7C, 0x00, 0x07, 0xC0, 0x00, 0x7C,
	0x00, 0x07, 0xC0, 0x00, 0x7C, 0x00, 0x07, 0xC0, 0x00, 0x7C, 0x00, 0x07,
	0xC0, 0x00, 0x7C, 0x00, 0x07, 0xC0, 0x00, 0x7C, 0x00, 0x07, 0xC0, 0x00,
	0x7C, 0x00, 0x07, 0xC0, 0x00, 0x7C, 0x00, 0x07, 0xC0, 0x00, 0x7C, 0x00,
	0x07, 0xC0, 0x00, 0x7C, 0x00, 0x07, 0xC0, 0x00, 0x7C, 0x00, 0x07, 0xC0,
	0x00, 0x7C, 0x00, 0x07, 0xC0, 0x00, 0x7C, 0x00, 0x07, 0xC0, 0x00, 0x7C,
	0x00, 0x07, 0xC0, 0x00, 0x7C, 0x00, 0x07, 0xC0, 0x00, 0x7C, 0x00, 0x07,
	0xC0, 0x00, 0x7C, 0x00, 0x07, 0xC0, 0x00, 0x7C, 0x00, 0x07, 0xC0, 0x00,
	0x7C, 0x00, 0x07, 0xC0, 0x00, 0x7C, 0x00, 0x07, 0xC0, 0x00, 0x7E, 0x00,
	0x0F, 0xC0, 0x00, 0x3F, 0xFF, 0xFF, 0x80, 0x00, 0x3F, 0xFF, 0xFF, 0x80,
	0x00, 0x1F, 0xFF, 0xFF, 0x00, 0x00, 0x0F, 0xFF, 0xFE, 0x00, 0x00, 0x03,
	0xFF, 0xF8, 0x00, 0x00, 0x00, 0x00, 0x00, 0x00, 0x00, 0x00, 0x00, 0x00,
	0x00, 0x00, 0x00, 0x00, 0x00, 0x00, 0x00, 0x00, 0x00, 0x00, 0x00, 0x00,
	0x00, 0x00, 0x00, 0x00, 0x00, 0x00, 0x00, 0x00, 0x00, 0x00, 0x00, 0x00,
	0x00, 0x00, 0x00, 0x00, 0x00, 0x00, 0x00, 0x00, 0x00, 0x00, 0x00, 0x00,
	0x00
};

// 'p', 33x53px
static const unsigned char PROGMEM fd_glyph_112[] = {
	0x00, 0x00, 0x00, 0x00, 0x00, 0x00, 0x00, 0x00, 0x00, 0x00, 0x00, 0x00,
	0x00, 0x00, 0x00, 0x00, 0x00, 0x00, 0x00, 0x00, 0x00, 0x00, 0x00, 0x00,
	0x00, 0x00, 0x00, 0x00, 0x00, 0x00, 0x00, 0x00, 0x00, 0x00, 0x00, 0x00,
	0x00, 0x00, 0x00, 0x00, 0x3F, 0xFF, 0xF8, 0x00, 0x00, 0x7F, 0xFF, 0xFE,
	0x00, 0x00, 0x7F, 0xFF, 0xFF, 0x00, 0x00, 0x7F, 0xFF, 0xFF, 0x80, 0x00,
	0x7F, 0xFF, 0xFF, 0x80, 0x00, 0x7C, 0x00, 0x0F, 0xC0, 0x00, 0x7C, 0x00,
	0x07, 0xC0, 0x00, 0x7C, 0x00, 0x07, 0xC0, 0x00, 0x7C, 0x00, 0x07, 0xC0,
	0x00, 0x7C, 0x00, 0x07, 0xC0, 0x00, 0x7C, 0x00, 0x07, 0xC0, 0x00, 0x7C,
	0x00, 0x07, 0xC0, 0x00, 0x7C, 0x00, 0x07, 0xC0, 0x00, 0x7C, 0x00, 0x07,
	0xC0, 0x00, 0x7C, 0x00, 0x0F, 0xC0, 0x00, 0x7F, 0xFF, 0xFF, 0x80, 0x00,
	0x7F, 0xFF, 0xFF, 0x80, 0x00, 0x7F, 0xFF, 0xFF, 0x00, 0x00, 0x7F, 0xFF,
	0xFE, 0x00, 0x00, 0x7F, 0xFF, 0xF8, 0x00, 0x00, 0x7C, 0x00, 0x00, 0x00,
	0x00, 0x7C, 0x00, 0x00, 0x00, 0x00, 0x7C, 0x00, 0x00, 0x00, 0x00, 0x7C,
	0x00, 0x00, 0x00, 0x00, 0x7C, 0x00, 0x00, 0x00, 0x00, 0x7C, 0x00, 0x00,
	0x00, 0x00, 0x7C, 0x00, 0x00, 0x00, 0x00, 0x7C, 0x00, 0x00, 0x00, 0x00,
	0x7C, 0x00, 0x00, 0x00, 0x00, 0x7C, 0x00, 0x00, 0x00, 0x00, 0x7C, 0x00,
	0x00, 0x00, 0x00, 0x7C, 0x00, 0x00, 0x00, 0x00, 0x7C, 0x00, 0x00, 0x00,
	0x00, 0x7C, 0x00, 0x00, 0x00, 0x00, 0x7C, 0x00, 0x00, 0x00, 0x00, 0x38,
	0x00, 0x00, 0x00, 0x00, 0x00, 0x00, 0x00, 0x00, 0x00, 0x00, 0x00, 0x00,
	0x00, 0x00, 0x00, 0x00, 0x00, 0x00, 0x00, 0x00, 0x00, 0x00, 0x00, 0x00,
	0x00, 0x00, 0x00, 0x00, 0x00, 0x00, 0x00, 0x00, 0x00, 0x00, 0x00, 0x00,
	0x00, 0x00, 0x00, 0x00, 0x00, 0x00, 0x00, 0x00, 0x00, 0x00, 0x00, 0x00,
	0x00
};

// 'q', 33x53px
static const unsigned char PROGMEM fd_glyph_113[] = {
	0x00, 0x00, 0x00, 0x00, 0x00, 0x00, 0x00, 0x00, 0x00, 0x00, 0x00, 0x00,
	0x00, 0x00, 0x00, 0x00, 0x00, 0x00, 0x00, 0x00, 0x00, 0x00, 0x00, 0x00,
	0x00, 0x00, 0x00, 0x00, 0x00, 0x00, 0x00, 0x00, 0x00, 0x00, 0x00, 0x00,
	0x00, 0x00, 0x00, 0x00, 0x03, 0xFF, 0xF8, 0x00, 0x00, 0x0F, 0xFF, 0xFE,
	0x00, 0x00, 0x1F, 0xFF, 0xFF, 0x00, 0x00, 0x3F, 0xFF, 0xFF, 0x80, 0x00,
	0x3F, 0xFF, 0xFF, 0x80, 0x00, 0x7E, 0x00, 0x0F, 0xC0, 0x00, 0x7C, 0x00,
	0x07, 0xC0, 0x00, 0x7C, 0x00, 0x07, 0xC0, 0x00, 0x7C, 0x00, 0x07, 0xC0,
	0x00, 0x7C, 0x00, 0x07, 0xC0, 0x00, 0x7C, 0x00, 0x07, 0xC0, 0x00, 0x7C,
	0x00, 0x07, 0xC0, 0x00, 0x7C, 0x00, 0x07, 0xC0, 0x00, 0x7C, 0x00, 0x07,
	0xC0, 0x00, 0x7C, 0x00, 0x07, 0xC0, 0x00, 0x7C, 0x00, 0x07, 0xC0, 0x00,
	0x7C, 0x00, 0x07, 0xC0, 0x00, 0x7C, 0x00, 0x07, 0xC0, 0x00, 0x7C, 0x00,
	0x07, 0xC0, 0x00, 0x7C, 0x00, 0x07, 0xC0, 0x00, 0x7C, 0x00, 0x07, 0xC0,
	0x00, 0x7C, 0x00, 0x07, 0xC0, 0x00, 0x7C, 0x00, 0x07, 0xC0, 0x00, 0x7C,
	0x00, 0x07, 0xC0, 0x00, 0x7C, 0x00, 0x07, 0xC0, 0x00, 0x7C, 0x00, 0xE7,
	0xC0, 0x00, 0x7C, 0x01, 0xF7, 0xC0, 0x00, 0x7C, 0x01, 0xFF, 0xC0, 0x00,
	0x7C, 0x01, 0xFF, 0xC0, 0x00, 0x7C, 0x00, 0xFF, 0xC0, 0x00, 0x7E, 0x00,
	0x7F, 0xC0, 0x00, 0x3F, 0xFF, 0xFF, 0x80, 0x00, 0x3F, 0xFF, 0xFF, 0xC0,
	0x00, 0x1F, 0xFF, 0xFF, 0xC0, 0x00, 0x0F, 0xFF, 0xFF, 0xC0, 0x00, 0x03,
	0xFF, 0xFB, 0x80, 0x00, 0x00, 0x00, 0x00, 0x00, 0x00, 0x00, 0x00, 0x00,
	0x00, 0x00, 0x00, 0x00, 0x00, 0x00, 0x00, 0x00, 0x00, 0x00, 0x00, 0x00,
	0x00, 0x00, 0x00, 0x00, 0x00, 0x00, 0x00, 0x00, 0x00, 0x00, 0x00, 0x00,
	0x00, 0x00, 0x00, 0x00, 0x00, 0x00, 0x00, 0x00, 0x00, 0x00, 0x00, 0x00,
	0x00
};

// 'r', 33x53px
static const unsigned char PROGMEM fd_glyph_114[] = {
	0x00, 0x00, 0x00, 0x00, 0x00, 0x00, 0x00, 0x00, 0x00, 0x00, 0x00, 0x00,
	0x00, 0x00, 0x00, 0x00, 0x00, 0x00, 0x00, 0x00, 0x00, 0x00, 0x00, 0x00,
	0x00, 0x00, 0x00, 0x00, 0x00, 0x00, 0x00, 0x00, 0x00, 0x00, 0x00, 0x00,
	0x00, 0x00, 0x00, 0x00, 0x3F, 0xFF, 0xF8, 0x00, 0x00, 0x7F, 0xFF, 0xFE,
	0x00, 0x00, 0x7F, 0xFF, 0xFF, 0x00, 0x00, 0x7F, 0xFF, 0xFF, 0x80, 0x00,
	0x7F, 0xFF, 0xFF, 0x80, 0x00, 0x7C, 0x00, 0x0F, 0xC0, 0x00, 0x7C, 0x00,
	0x07, 0xC0, 0x00, 0x7C, 0x00, 0x07, 0xC0, 0x00, 0x7C, 0x00, 0x07, 0xC0,
	0x00, 0x7C, 0x00, 0x07, 0xC0, 0x00, 0x7C, 0x00, 0x07, 0xC0, 0x00, 0x7C,
	0x00, 0x07, 0xC0, 0x00, 0x7C, 0x00, 0x07, 0xC0, 0x00, 0x7C, 0x00, 0x07,
	0xC0, 0x00, 0x7C, 0x00, 0x0F, 0xC0, 0x00, 0x7F, 0xFF, 0xFF, 0x80, 0x00,
	0x7F, 0xFF, 0xFF, 0x80, 0x00, 0x7F, 0xFF, 0xFF, 0x00, 0x00, 0x7F, 0xFF,
	0xFE, 0x00, 0x00, 0x7F, 0xFF, 0xF8, 0x00, 0x00, 0x7C, 0x07, 0xF0, 0x00,
	0x00, 0x7C, 0x03, 0xF8, 0x00, 0x00, 0x7C, 0x01, 0xFC, 0x00, 0x00, 0x7C,
	0x00, 0xFE, 0x00, 0x00, 0x7C, 0x00, 0x7F, 0x00, 0x00, 0x7C, 0x00, 0x3F,
	0x80, 0x00, 0x7C, 0x00, 0x1F, 0xC0, 0x00, 0x7C, 0x00, 0x0F, 0xC0, 0x00,
	0x7C, 0x00, 0x07, 0xC0, 0x00, 0x7C, 0x00, 0x07, 0xC0, 0x00, 0x7C, 0x00,
	0x07, 0xC0, 0x00, 0x7C, 0x00, 0x07, 0xC0, 0x00, 0x7C, 0x00, 0x07, 0xC0,
	0x00, 0x7C, 0x00, 0x07, 0xC0, 0x00, 0x7C, 0x00, 0x07, 0xC0, 0x00, 0x38,
	0x00, 0x03, 0x80, 0x00, 0x00, 0x00, 0x00, 0x00, 0x00, 0x00, 0x00, 0x00,
	0x00, 0x00, 0x00, 0x00, 0x00, 0x00, 0x00, 0x00, 0x00, 0x00, 0x00, 0x00,
	0x00, 0x00, 0x00, 0x00, 0x00, 0x00, 0x00, 0x00, 0x00, 0x00, 0x00, 0x00,
	0x00, 0x00, 0x00, 0x00, 0x00, 0x00, 0x00, 0x00, 0x00, 0x00, 0x00, 0x00,
	0x00
};

// 's', 33x53px
static const unsigned char PROGMEM fd_glyph_115[] = {
	0x00, 0x00, 0x00, 0x00, 0x00, 0x00, 0x00, 0x00, 0x00, 0x00, 0x00, 0x00,
	0x00, 0x00, 0x00, 0x00, 0x00, 0x00, 0x00, 0x00, 0x00, 0x00, 0x00, 0x00,
	0x00, 0x00, 0x00, 0x00, 0x00, 0x00, 0x00, 0x00, 0x00, 0x00, 0x00, 0x00,
	0x00, 0x00, 0x00, 0x00, 0x03, 0xFF, 0xFF, 0x80, 0x00, 0x0F, 0xFF, 0xFF,
	0xC0, 0x00, 0x1F, 0xFF, 0xFF, 0xC0, 0x00, 0x3F, 0xFF, 0xFF, 0xC0, 0x00,
	0x3F, 0xFF, 0xFF, 0xC0, 0x00, 0x7E, 0x00, 0x07, 0xC0, 0x00, 0x7C, 0x00,
	0x07, 0xC0, 0x00, 0x7C, 0x00, 0x07, 0xC0, 0x00, 0x7C, 0x00, 0x03, 0x80,
	0x00, 0x7C, 0x00, 0x00, 0x00, 0x00, 0x7C, 0x00, 0x00, 0x00, 0x00, 0x7C,
	0x00, 0x00, 0x00, 0x00, 0x7C, 0x00, 0x00, 0x00, 0x00, 0x7C, 0x00, 0x00,
	0x00, 0x00, 0x7E, 0x00, 0x00, 0x00, 0x00, 0x3F, 0xFF, 0xF8, 0x00, 0x00,
	0x3F, 0xFF, 0xFE, 0x00, 0x00, 0x1F, 0xFF, 0xFF, 0x00, 0x00, 0x0F, 0xFF,
	0xFF, 0x80, 0x00, 0x03, 0xFF, 0xFF, 0x80, 0x00, 0x00, 0x00, 0x0F, 0xC0,
	0x00, 0x00, 0x00, 0x07, 0xC0, 0x00, 0x00, 0x00, 0x07, 0xC0, 0x00, 0x00,
	0x00, 0x07, 0xC0, 0x00, 0x00, 0x00, 0x07, 0xC0, 0x00, 0x00, 0x00, 0x07,
	0xC0, 0x00, 0x30, 0x00, 0x07, 0xC0, 0x00, 0x7C, 0x00, 0x07, 0xC0, 0x00,
	0x7C, 0x00, 0x07, 0xC0, 0x00, 0x7C, 0x00, 0x07, 0xC0, 0x00, 0x7C, 0x00,
	0x0F, 0xC0, 0x00, 0x7F, 0xFF, 0xFF, 0x80, 0x00, 0x7F, 0xFF, 0xFF, 0x80,
	0x00, 0x7F, 0xFF, 0xFF, 0x00, 0x00, 0x7F, 0xFF, 0xFE, 0x00, 0x00, 0x3F,
	0xFF, 0xF8, 0x00, 0x00, 0x00, 0x00, 0x00, 0x00, 0x00, 0x00, 0x00, 0x00,
	0x00, 0x00, 0x00, 0x00, 0x00, 0x00, 0x00, 0x00, 0x00, 0x00, 0x00, 0x00,
	0x00, 0x00, 0x00, 0x00, 0x00, 0x00, 0x00, 0x00, 0x00, 0x00, 0x00, 0x00,
	0x00, 0x00, 0x00, 0x00, 0x00, 0x00, 0x00, 0x00, 0x00, 0x00, 0x00, 0x00,
	0x00
};

// 't', 33x53px
static const unsigned char PROGMEM fd_glyph_116[] = {
	0x00, 0x00, 0x00, 0x00, 0x00, 0x00, 0x00, 0x00, 0x00, 0x00, 0x00, 0x00,
	0x00, 0x00, 0x00, 0x00, 0x00, 0x00, 0x00, 0x00, 0x00, 0x00, 0x00, 0x00,
	0x00, 0x00, 0x00, 0x00, 0x00, 0x00, 0x00, 0x00, 0x00, 0x00, 0x00, 0x00,
	0x00, 0x00, 0x00, 0x00, 0x1F, 0xFF, 0xFF, 0xC0, 0x00, 0x3F, 0xFF, 0xFF,
	0xE0, 0x00, 0x3F, 0xFF, 0xFF, 0xE0, 0x00, 0x3F, 0xFF, 0xFF, 0xE0, 0x00,
	0x3F, 0xFF, 0xFF, 0xE0, 0x00, 0x3E, 0x0F, 0x83, 0xE0, 0x00, 0x3E, 0x0F,
	0x83, 0xE0, 0x00, 0x3E, 0x0F, 0x83, 0xE0, 0x00, 0x1C, 0x0F, 0x81, 0xE0,
	0x00, 0x08, 0x0F, 0x80, 0x80, 0x00, 0x00, 0x0F, 0x80, 0x00, 0x00, 0x00,
	0x0F, 0x80, 0x00, 0x00, 0x00, 0x0F, 0x80, 0x00, 0x00, 0x00, 0x0F, 0x80,
	0x00, 0x00, 0x00, 0x0F, 0x80, 0x00, 0x00, 0x00, 0x0F, 0x80, 0x00, 0x00,
	0x00, 0x0F, 0x80, 0x00, 0x00, 0x00, 0x0F, 0x80, 0x00, 0x00, 0x00, 0x0F,
	0x80, 0x00, 0x00, 0x00, 0x0F, 0x80, 0x00, 0x00, 0x00, 0x0F, 0x80, 0x00,
	0x00, 0x00, 0x0F, 0x80, 0x00, 0x00, 0x00, 0x0F, 0x80, 0x00, 0x00, 0x00,
	0x0F, 0x80, 0x00, 0x00, 0x00, 0x0F, 0x80, 0x00, 0x00, 0x00, 0x0F, 0x80,
	0x00, 0x00, 0x00, 0x0F, 0x80, 0x00, 0x00, 0x00, 0x0F, 0x80, 0x00, 0x00,
	0x00, 0x0F, 0x80, 0x00, 0x00, 0x00, 0x0F, 0x80, 0x00, 0x00, 0x00, 0x0F,
	0x80, 0x00, 0x00, 0x00, 0x0F, 0x80, 0x00, 0x00, 0x00, 0x0F, 0x80, 0x00,
	0x00, 0x00, 0x0F, 0x80, 0x00, 0x00, 0x00, 0x0F, 0x80, 0x00, 0x00, 0x00,
	0x07, 0x00, 0x00, 0x00, 0x00, 0x00, 0x00, 0x00, 0x00, 0x00, 0x00, 0x00,
	0x00, 0x00, 0x00, 0x00, 0x00, 0x00, 0x00, 0x00, 0x00, 0x00, 0x00, 0x00,
	0x00, 0x00, 0x00, 0x00, 0x00, 0x00, 0x00, 0x00, 0x00, 0x00, 0x00, 0x00,
	0x00, 0x00, 0x00, 0x00, 0x00, 0x00, 0x00, 0x00, 0x00, 0x00, 0x00, 0x00,
	0x00
};

// 'u', 33x53px
static const unsigned char PROGMEM fd_glyph_117[] = {
	0x00, 0x00, 0x00, 0x00, 0x00, 0x00, 0x00, 0x00, 0x00, 0x00, 0x00, 0x00,
	0x00, 0x00, 0x00, 0x00, 0x00, 0x00, 0x00, 0x00, 0x00, 0x00, 0x00, 0x00,
	0x00, 0x00, 0x00, 0x00, 0x00, 0x00, 0x00, 0x00, 0x00, 0x00, 0x00, 0x00,
	0x00, 0x00, 0x00, 0x00, 0x38, 0x00, 0x03, 0x80, 0x00, 0x7C, 0x00, 0x07,
	0xC0, 0x00, 0x7C, 0x00, 0x07, 0xC0, 0x00, 0x7C, 0x00, 0x07, 0xC0, 0x00,
	0x7C, 0x00, 0x07, 0xC0, 0x00, 0x7C, 0x00, 0x07, 0xC0, 0x00, 0x7C, 0x00,
	0x07, 0xC0, 0x00, 0x7C, 0x00, 0x07, 0xC0, 0x00, 0x7C, 0x00, 0x07, 0xC0,
	0x00, 0x7C, 0x00, 0x07, 0xC0, 0x00, 0x7C, 0x00, 0x07, 0xC0, 0x00, 0x7C,
	0x00, 0x07, 0xC0, 0x00, 0x7C, 0x00, 0x07, 0xC0, 0x00, 0x7C, 0x00, 0x07,
	0xC0, 0x00, 0x7C, 0x00, 0x07, 0xC0, 0x00, 0x7C, 0x00, 0x07, 0xC0, 0x00,
	0x7C, 0x00, 0x07, 0xC0, 0x00, 0x7C, 0x00, 0x07, 0xC0, 0x00, 0x7C, 0x00,
	0x07, 0xC0, 0x00, 0x7C, 0x00, 0x07, 0xC0, 0x00, 0x7C, 0x00, 0x07, 0xC0,
	0x00, 0x7C, 0x00, 0x07, 0xC0, 0x00, 0x7C, 0x00, 0x07, 0xC0, 0x00, 0x7C,
	0x00, 0x07, 0xC0, 0x00, 0x7C, 0x00, 0x07, 0xC0, 0x00, 0x7C, 0x00, 0x07,
	0xC0, 0x00, 0x7C, 0x00, 0x07, 0xC0, 0x00, 0x7C, 0x00, 0x07, 0xC0, 0x00,
	0x7C, 0x00, 0x07, 0xC0, 0x00, 0x7C, 0x00, 0x07, 0xC0, 0x00, 0x7E, 0x00,
	0x0F, 0xC0, 0x00, 0x3F, 0xFF, 0xFF, 0x80, 0x00, 0x3F, 0xFF, 0xFF, 0x80,
	0x00, 0x1F, 0xFF, 0xFF, 0x00, 0x00, 0x0F, 0xFF, 0xFE, 0x00, 0x00, 0x03,
	0xFF, 0xF8, 0x00, 0x00, 0x00, 0x00, 0x00, 0x00, 0x00, 0x00, 0x00, 0x00,
	0x00, 0x00, 0x00, 0x00, 0x00, 0x00, 0x00, 0x00, 0x00, 0x00, 0x00, 0x00,
	0x00, 0x00, 0x00, 0x00, 0x00, 0x00, 0x00, 0x00, 0x00, 0x00, 0x00, 0x00,
	0x00, 0x00, 0x00, 0x00, 0x00, 0x00, 0x00, 0x00, 0x00, 0x00, 0x00, 0x00,
	0x00
};

// 'v', 33x53px
static const unsigned char PROGMEM fd_glyph_118[] = {
	0x00, 0x00, 0x00, 0x00, 0x00, 0x00, 0x00, 0x00, 0x00, 0x00, 0x00, 0x00,
	0x00, 0x00, 0x00, 0x00, 0x00, 0x00, 0x00, 0x00, 0x00, 0x00, 0x00, 0x00,
	0x00, 0x00, 0x00, 0x00, 0x00, 0x00, 0x00, 0x00, 0x00, 0x00, 0x00, 0x00,
	0x00, 0x00, 0x00, 0x00, 0x38, 0x00, 0x03, 0x80, 0x00, 0x7C, 0x00, 0x07,
	0xC0, 0x00, 0x7C, 0x00, 0x07, 0xC0, 0x00, 0x7C, 0x00, 0x07, 0xC0, 0x00,
	0x7C, 0x00, 0x07, 0xC0, 0x00, 0x7C, 0x00, 0x07, 0xC0, 0x00, 0x7C, 0x00,
	0x07, 0xC0, 0x00, 0x7C, 0x00, 0x07, 0xC0, 0x00, 0x7C, 0x00, 0x07, 0xC0,
	0x00, 0x7C, 0x00, 0x07, 0xC0, 0x00, 0x7C, 0x00, 0x07, 0xC0, 0x00, 0x7C,
	0x00, 0x07, 0xC0, 0x00, 0x7C, 0x00, 0x07, 0xC0, 0x00, 0x7C, 0x00, 0x07,
	0xC0, 0x00, 0x7C, 0x00, 0x07, 0xC0, 0x00, 0x7C, 0x00, 0x07, 0xC0, 0x00,
	0x7C, 0x00, 0x07, 0xC0, 0x00, 0x7C, 0x00, 0x07, 0xC0, 0x00, 0x7C, 0x00,
	0x07, 0xC0, 0x00, 0x7E, 0x00, 0x0F, 0xC0, 0x00, 0x7E, 0x00, 0x0F, 0xC0,
	0x00, 0x3F, 0x00, 0x1F, 0x80, 0x00, 0x1F, 0x80, 0x3F, 0x00, 0x00, 0x1F,
	0x80, 0x3F, 0x00, 0x00, 0x0F, 0xC0, 0x7E, 0x00, 0x00, 0x07, 0xE0, 0xFC,
	0x00, 0x00, 0x07, 0xF1, 0xFC, 0x00, 0x00, 0x03, 0xF1, 0xF8, 0x00, 0x00,
	0x01, 0xFB, 0xF0, 0x00, 0x00, 0x00, 0xFF, 0xE0, 0x00, 0x00, 0x00, 0xFF,
	0xE0, 0x00, 0x00, 0x00, 0x7F, 0xC0, 0x00, 0x00, 0x00, 0x3F, 0x80, 0x00,
	0x00, 0x00, 0x3F, 0x80, 0x00, 0x00, 0x00, 0x1F, 0x00, 0x00, 0x00, 0x00,
	0x0E, 0x00, 0x00, 0x00, 0x00, 0x00, 0x00, 0x00, 0x00, 0x00, 0x00, 0x00,
	0x00, 0x00, 0x00, 0x00, 0x00, 0x00, 0x00, 0x00, 0x00, 0x00, 0x00, 0x00,
	0x00, 0x00, 0x00, 0x00, 0x00, 0x00, 0x00, 0x00, 0x00, 0x00, 0x00, 0x00,
	0x00, 0x00, 0x00, 0x00, 0x00, 0x00, 0x00, 0x00, 0x00, 0x00, 0x00, 0x00,
	0x00
};

// 'w', 33x53px
static const unsigned char PROGMEM fd_glyph_119[] = {
	0x00, 0x00, 0x00, 0x00, 0x00, 0x00, 0x00, 0x00, 0x00, 0x00, 0x00, 0x00,
	0x00, 0x00, 0x00, 0x00, 0x00, 0x00, 0x00, 0x00, 0x00, 0x00, 0x00, 0x00,
	0x00, 0x00, 0x00, 0x00, 0x00, 0x00, 0x00, 0x00, 0x00, 0x00, 0x00, 0x00,
	0x00, 0x00, 0x00, 0x00, 0x38, 0x00, 0x03, 0x80, 0x00, 0x7C, 0x00, 0x07,
	0xC0, 0x00, 0x7C, 0x00, 0x07, 0xC0, 0x00, 0x7C, 0x00, 0x07, 0xC0, 0x00,
	0x7C, 0x00, 0x07, 0xC0, 0x00, 0x7C, 0x00, 0x07, 0xC0, 0x00, 0x7C, 0x00,
	0x07, 0xC0, 0x00, 0x7C, 0x00, 0x07, 0xC0, 0x00, 0x7C, 0x00, 0x07, 0xC0,
	0x00, 0x7C, 0x00, 0x07, 0xC0, 0x00, 0x7C, 0x00, 0x07, 0xC0, 0x00, 0x7C,
	0x00, 0x07, 0xC0, 0x00, 0x7C, 0x00, 0x07, 0xC0, 0x00, 0x7C, 0x0E, 0x07,
	0xC0, 0x00, 0x7C, 0x1F, 0x07, 0xC0, 0x00, 0x7C, 0x1F, 0x07, 0xC0, 0x00,
	0x7C, 0x1F, 0x07, 0xC0, 0x00, 0x7C, 0x1F, 0x07, 0xC0, 0x00, 0x7C, 0x1F,
	0x07, 0xC0, 0x00, 0x7C, 0x1F, 0x87, 0xC0, 0x00, 0x7C, 0x3F, 0x87, 0xC0,
	0x00, 0x7C, 0x7F, 0xC7, 0xC0, 0x00, 0x7C, 0xFF, 0xE7, 0xC0, 0x00, 0x7C,
	0xFF, 0xF7, 0xC0, 0x00, 0x7D, 0xFB, 0xF7, 0xC0, 0x00, 0x7F, 0xF1, 0xFF,
	0xC0, 0x00, 0x7F, 0xF0, 0xFF, 0xC0, 0x00, 0x7F, 0xE0, 0xFF, 0xC0, 0x00,
	0x7F, 0xC0, 0x7F, 0xC0, 0x00, 0x7F, 0xC0, 0x3F, 0xC0, 0x00, 0x7F, 0x80,
	0x3F, 0xC0, 0x00, 0x7F, 0x00, 0x1F, 0xC0, 0x00, 0x7E, 0x00, 0x0F, 0xC0,
	0x00, 0x7E, 0x00, 0x07, 0xC0, 0x00, 0x7C, 0x00, 0x07, 0xC0, 0x00, 0x38,
	0x00, 0x03, 0x80, 0x00, 0x00, 0x00, 0x00, 0x00, 0x00, 0x00, 0x00, 0x00,
	0x00, 0x00, 0x00, 0x00, 0x00, 0x00, 0x00, 0x00, 0x00, 0x00, 0x00, 0x00,
	0x00, 0x00, 0x00, 0x00, 0x00, 0x00, 0x00, 0x00, 0x00, 0x00, 0x00, 0x00,
	0x00, 0x00, 0x00, 0x00, 0x00, 0x00, 0x00, 0x00, 0x00, 0x00, 0x00, 0x00,
	0x00
};

// 'x', 33x53px
static const unsigned char PROGMEM fd_glyph_120[] = {
	0x00, 0x00, 0x00, 0x00, 0x00, 0x00, 0x00, 0x00, 0x00, 0x00, 0x00, 0x00,
	0x00, 0x00, 0x00, 0x00, 0x00, 0x00, 0x00, 0x00, 0x00, 0x00, 0x00, 0x00,
	0x00, 0x00, 0x00, 0x00, 0x00, 0x00, 0x00, 0x00, 0x00, 0x00, 0x00, 0x00,
	0x00, 0x00, 0x00, 0x00, 0x1C, 0x00, 0x01, 0xC0, 0x00, 0x3E, 0x00, 0x03,
	0xE0, 0x00, 0x3E, 0x00, 0x03, 0xE0, 0x00, 0x3E, 0x00, 0x03, 0xE0, 0x00,
	0x3E, 0x00, 0x03, 0xE0, 0x00, 0x3E, 0x00, 0x03, 0xE0, 0x00, 0x3E, 0x00,
	0x03, 0xE0, 0x00, 0x3E, 0x00, 0x03, 0xE0, 0x00, 0x3F, 0x00, 0x07, 0xE0,
	0x00, 0x3F, 0x80, 0x0F, 0xE0, 0x00, 0x1F, 0xC0, 0x1F, 0xC0, 0x00, 0x0F,
	0xE0, 0x3F, 0x80, 0x00, 0x07, 0xF0, 0x7F, 0x00, 0x00, 0x03, 0xF8, 0xFE,
	0x00, 0x00, 0x01, 0xFD, 0xFC, 0x00, 0x00, 0x00, 0xFF, 0xF8, 0x00, 0x00,
	0x00, 0x7F, 0xF0, 0x00, 0x00, 0x00, 0x3F, 0xE0, 0x00, 0x00, 0x00, 0x3F,
	0xE0, 0x00, 0x00, 0x00, 0x7F, 0xF0, 0x00, 0x00, 0x00, 0xFF, 0xF8, 0x00,
	0x00, 0x01, 0xFD, 0xFC, 0x00, 0x00, 0x03, 0xF8, 0xFE, 0x00, 0x00, 0x07,
	0xF0, 0x7F, 0x00, 0x00, 0x0F, 0xE0, 0x3F, 0x80, 0x00, 0x1F, 0xC0, 0x1F,
	0xC0, 0x00, 0x3F, 0x80, 0x0F, 0xE0, 0x00, 0x3F, 0x00, 0x07, 0xE0, 0x00,
	0x3E, 0x00, 0x03, 0xE0, 0x00, 0x3E, 0x00, 0x03, 0xE0, 0x00, 0x3E, 0x00,
	0x03, 0xE0, 0x00, 0x3E, 0x00, 0x03, 0xE0, 0x00, 0x3E, 0x00, 0x03, 0xE0,
	0x00, 0x3E, 0x00, 0x03, 0xE0, 0x00, 0x3E, 0x00, 0x03, 0xE0, 0x00, 0x1C,
	0x00, 0x01, 0xC0, 0x00, 0x00, 0x00, 0x00, 0x00, 0x00, 0x00, 0x00, 0x00,
	0x00, 0x00, 0x00, 0x00, 0x00, 0x00, 0x00, 0x00, 0x00, 0x00, 0x00, 0x00,
	0x00, 0x00, 0x00, 0x00, 0x00, 0x00, 0x00, 0x00, 0x00, 0x00, 0x00, 0x00,
	0x00, 0x00, 0x00, 0x00, 0x00, 0x00, 0x00, 0x00, 0x00, 0x00, 0x00, 0x00,
	0x00
};

// 'y', 33x53px
static const unsigned char PROGMEM fd_glyph_121[] = {
	0x00, 0x00, 0x00, 0x00, 0x00, 0x00, 0x00, 0x00, 0x00, 0x00, 0x00, 0x00,
	0x00, 0x00, 0x00, 0x00, 0x00, 0x00, 0x00, 0x00, 0x00, 0x00, 0x00, 0x00,
	0x00, 0x00, 0x00, 0x00, 0x00, 0x00, 0x00, 0x00, 0x00, 0x00, 0x00, 0x00,
	0x00, 0x00, 0x00, 0x00, 0x38, 0x00, 0x03, 0x80, 0x00, 0x7C, 0x00, 0x07,
	0xC0, 0x00, 0x7C, 0x00, 0x07, 0xC0, 0x00, 0x7C, 0x00, 0x07, 0xC0, 0x00,
	0x7C, 0x00, 0x07, 0xC0, 0x00, 0x7C, 0x00, 0x07, 0xC0, 0x00, 0x7C, 0x00,
	0x07, 0xC0, 0x00, 0x7C, 0x00, 0x07, 0xC0, 0x00, 0x7E, 0x00, 0x0F, 0xC0,
	0x00, 0x7F, 0x00, 0x1F, 0xC0, 0x00, 0x3F, 0x80, 0x3F, 0x80, 0x00, 0x1F,
	0xC0, 0x7F, 0x00, 0x00, 0x0F, 0xE0, 0xFE, 0x00, 0x00, 0x07, 0xF1, 0xFC,
	0x00, 0x00, 0x03, 0xFB, 0xF8, 0x00, 0x00, 0x01, 0xFF, 0xF0, 0x00, 0x00,
	0x00, 0xFF, 0xE0, 0x00, 0x00, 0x00, 0x7F, 0xC0, 0x00, 0x00, 0x00, 0x3F,
	0x80, 0x00, 0x00, 0x00, 0x1F, 0x00, 0x00, 0x00, 0x00, 0x1F, 0x00, 0x00,
	0x00, 0x00, 0x1F, 0x00, 0x00, 0x00, 0x00, 0x1F, 0x00, 0x00, 0x00, 0x00,
	0x1F, 0x00, 0x00, 0x00, 0x00, 0x1F, 0x00, 0x00, 0x00, 0x00, 0x1F, 0x00,
	0x00, 0x00, 0x00, 0x1F, 0x00, 0x00, 0x00, 0x00, 0x1F, 0x00, 0x00, 0x00,
	0x00, 0x1F, 0x00, 0x00, 0x00, 0x00, 0x1F, 0x00, 0x00, 0x00, 0x00, 0x1F,
	0x00, 0x00, 0x00, 0x00, 0x1F, 0x00, 0x00, 0x00, 0x00, 0x1F, 0x00, 0x00,
	0x00, 0x00, 0x1F, 0x00, 0x00, 0x00, 0x00, 0x1F, 0x00, 0x00, 0x00, 0x00,
	0x0E, 0x00, 0x00, 0x00, 0x00, 0x00, 0x00, 0x00, 0x00, 0x00, 0x00, 0x00,
	0x00, 0x00, 0x00, 0x00, 0x00, 0x00, 0x00, 0x00, 0x00, 0x00, 0x00, 0x00,
	0x00, 0x00, 0x00, 0x00, 0x00, 0x00, 0x00, 0x00, 0x00, 0x00, 0x00, 0x00,
	0x00, 0x00, 0x00, 0x00, 0x00, 0x00, 0x00, 0x00, 0x00, 0x00, 0x00, 0x00,
	0x00
};

// 'z', 33x53px
static const unsigned char PROGMEM fd_glyph_122[] = {
	0x00, 0x00, 0x00, 0x00, 0x00, 0x00, 0x00, 0x00, 0x00, 0x00, 0x00, 0x00,
	0x00, 0x00, 0x00, 0x00, 0x00, 0x00, 0x00, 0x00, 0x00, 0x00, 0x00, 0x00,
	0x00, 0x00, 0x00, 0x00, 0x00, 0x00, 0x00, 0x00, 0x00, 0x00, 0x00, 0x00,
	0x00, 0x00, 0x00, 0x00, 0x3F, 0xFF, 0xFF, 0x80, 0x00, 0x7F, 0xFF, 0xFF,
	0xC0, 0x00, 0x7F, 0xFF, 0xFF, 0xC0, 0x00, 0x7F, 0xFF, 0xFF, 0xC0, 0x00,
	0x7F, 0xFF, 0xFF, 0xC0, 0x00, 0x7C, 0x00, 0x07, 0xC0, 0x00, 0x7C, 0x00,
	0x07, 0xC0, 0x00, 0x7C, 0x00, 0x0F, 0xC0, 0x00, 0x78, 0x00, 0x1F, 0xC0,
	0x00, 0x10, 0x00, 0x3F, 0x80, 0x00, 0x00, 0x00, 0x7F, 0x00, 0x00, 0x00,
	0x00, 0xFE, 0x00, 0x00, 0x00, 0x01, 0xFC, 0x00, 0x00, 0x00, 0x03, 0xF8,
	0x00, 0x00, 0x00, 0x07, 0xF0, 0x00, 0x00, 0x00, 0x0F, 0xE0, 0x00, 0x00,
	0x00, 0x1F, 0xC0, 0x00, 0x00, 0x00, 0x3F, 0x80, 0x00, 0x00, 0x00, 0x7F,
	0x00, 0x00, 0x00, 0x00, 0xFE, 0x00, 0x00, 0x00, 0x01, 0xFC, 0x00, 0x00,
	0x00, 0x03, 0xF8, 0x00, 0x00, 0x00, 0x07, 0xF0, 0x00, 0x00, 0x00, 0x0F,
	0xE0, 0x00, 0x00, 0x00, 0x1F, 0xC0, 0x00, 0x00, 0x00, 0x1F, 0x80, 0x00,
	0x00, 0x00, 0x3F, 0x00, 0x01, 0x00, 0x00, 0x7E, 0x00, 0x03, 0xC0, 0x00,
	0x7C, 0x00, 0x07, 0xC0, 0x00, 0x7C, 0x00, 0x07, 0xC0, 0x00, 0x7C, 0x00,
	0x07, 0xC0, 0x00, 0x7F, 0xFF, 0xFF, 0xC0, 0x00, 0x7F, 0xFF, 0xFF, 0xC0,
	0x00, 0x7F, 0xFF, 0xFF, 0xC0, 0x00, 0x7F, 0xFF, 0xFF, 0xC0, 0x00, 0x3F,
	0xFF, 0xFF, 0x80, 0x00, 0x00, 0x00, 0x00, 0x00, 0x00, 0x00, 0x00, 0x00,
	0x00, 0x00, 0x00, 0x00, 0x00, 0x00, 0x00, 0x00, 0x00, 0x00, 0x00, 0x00,
	0x00, 0x00, 0x00, 0x00, 0x00, 0x00, 0x00, 0x00, 0x00, 0x00, 0x00, 0x00,
	0x00, 0x00, 0x00, 0x00, 0x00, 0x00, 0x00, 0x00, 0x00, 0x00, 0x00, 0x00,
	0x00
};

// fd glyph lookup: char -> bitmap, or nullptr.
inline const unsigned char* fd_letterBitmap(char ch) {
  switch (ch) {
    case '!': return fd_glyph_33;
    case '%': return fd_glyph_37;
    case '\'': return fd_glyph_39;
    case '(': return fd_glyph_40;
    case ')': return fd_glyph_41;
    case ',': return fd_glyph_44;
    case '-': return fd_glyph_45;
    case '.': return fd_glyph_46;
    case '/': return fd_glyph_47;
    case '0': return fd_glyph_48;
    case '1': return fd_glyph_49;
    case '2': return fd_glyph_50;
    case '3': return fd_glyph_51;
    case '4': return fd_glyph_52;
    case '5': return fd_glyph_53;
    case '6': return fd_glyph_54;
    case '7': return fd_glyph_55;
    case '8': return fd_glyph_56;
    case '9': return fd_glyph_57;
    case ':': return fd_glyph_58;
    case '?': return fd_glyph_63;
    case 'A': return fd_glyph_65;
    case 'B': return fd_glyph_66;
    case 'C': return fd_glyph_67;
    case 'D': return fd_glyph_68;
    case 'E': return fd_glyph_69;
    case 'F': return fd_glyph_70;
    case 'G': return fd_glyph_71;
    case 'H': return fd_glyph_72;
    case 'I': return fd_glyph_73;
    case 'J': return fd_glyph_74;
    case 'K': return fd_glyph_75;
    case 'L': return fd_glyph_76;
    case 'M': return fd_glyph_77;
    case 'N': return fd_glyph_78;
    case 'O': return fd_glyph_79;
    case 'P': return fd_glyph_80;
    case 'Q': return fd_glyph_81;
    case 'R': return fd_glyph_82;
    case 'S': return fd_glyph_83;
    case 'T': return fd_glyph_84;
    case 'U': return fd_glyph_85;
    case 'V': return fd_glyph_86;
    case 'W': return fd_glyph_87;
    case 'X': return fd_glyph_88;
    case 'Y': return fd_glyph_89;
    case 'Z': return fd_glyph_90;
    case '_': return fd_glyph_95;
    case 'a': return fd_glyph_97;
    case 'b': return fd_glyph_98;
    case 'c': return fd_glyph_99;
    case 'd': return fd_glyph_100;
    case 'e': return fd_glyph_101;
    case 'f': return fd_glyph_102;
    case 'g': return fd_glyph_103;
    case 'h': return fd_glyph_104;
    case 'i': return fd_glyph_105;
    case 'j': return fd_glyph_106;
    case 'k': return fd_glyph_107;
    case 'l': return fd_glyph_108;
    case 'm': return fd_glyph_109;
    case 'n': return fd_glyph_110;
    case 'o': return fd_glyph_111;
    case 'p': return fd_glyph_112;
    case 'q': return fd_glyph_113;
    case 'r': return fd_glyph_114;
    case 's': return fd_glyph_115;
    case 't': return fd_glyph_116;
    case 'u': return fd_glyph_117;
    case 'v': return fd_glyph_118;
    case 'w': return fd_glyph_119;
    case 'x': return fd_glyph_120;
    case 'y': return fd_glyph_121;
    case 'z': return fd_glyph_122;
  }
  return nullptr;
}

// '!', 16x25px
static const unsigned char PROGMEM dd_glyph_33[] = {
	0x00, 0x00, 0x00, 0x00, 0x00, 0x00, 0x0C, 0x00, 0x0C, 0x00, 0x0C, 0x00,
	0x0C, 0x00, 0x0C, 0x00, 0x0C, 0x00, 0x0C, 0x00, 0x0C, 0x00, 0x0C, 0x00,
	0x0C, 0x00, 0x0C, 0x00, 0x0C, 0x00, 0x0C, 0x00, 0x0C, 0x00, 0x00, 0x00,
	0x00, 0x00, 0x0C, 0x00, 0x0C, 0x00, 0x00, 0x00, 0x00, 0x00, 0x00, 0x00,
	0x00, 0x00
};

// '%', 16x25px
static const unsigned char PROGMEM dd_glyph_37[] = {
	0x00, 0x00, 0x00, 0x00, 0x30, 0x00, 0x30, 0x00, 0x10, 0x00, 0x00, 0x00,
	0x08, 0x00, 0x04, 0x00, 0x00, 0x00, 0x02, 0x00, 0x02, 0x00, 0x01, 0x00,
	0x00, 0x00, 0x00, 0x80, 0x00, 0x40, 0x00, 0x00, 0x00, 0x20, 0x00, 0x20,
	0x00, 0x10, 0x00, 0x00, 0x00, 0x08, 0x00, 0x04, 0x00, 0x0C, 0x00, 0x0E,
	0x00, 0x00
};

// '\'', 16x25px
static const unsigned char PROGMEM dd_glyph_39[] = {
	0x00, 0x00, 0x00, 0x00, 0x06, 0x00, 0x06, 0x00, 0x06, 0x00, 0x02, 0x00,
	0x02, 0x00, 0x00, 0x00, 0x00, 0x00, 0x00, 0x00, 0x00, 0x00, 0x00, 0x00,
	0x00, 0x00, 0x00, 0x00, 0x00, 0x00, 0x00, 0x00, 0x00, 0x00, 0x00, 0x00,
	0x00, 0x00, 0x00, 0x00, 0x00, 0x00, 0x00, 0x00, 0x00, 0x00, 0x00, 0x00,
	0x00, 0x00
};

// '(', 16x25px
static const unsigned char PROGMEM dd_glyph_40[] = {
	0x00, 0x00, 0x00, 0x00, 0x0F, 0x00, 0x0F, 0x80, 0x01, 0x80, 0x01, 0x80,
	0x01, 0x80, 0x01, 0x80, 0x01, 0x80, 0x01, 0x80, 0x01, 0x80, 0x01, 0x80,
	0x01, 0x80, 0x01, 0x80, 0x01, 0x80, 0x01, 0x80, 0x01, 0x80, 0x01, 0x80,
	0x01, 0x80, 0x01, 0x80, 0x03, 0x80, 0x0F, 0x00, 0x0E, 0x00, 0x00, 0x00,
	0x00, 0x00
};

// ')', 16x25px
static const unsigned char PROGMEM dd_glyph_41[] = {
	0x00, 0x00, 0x00, 0x00, 0x07, 0x80, 0x0F, 0x80, 0x1C, 0x00, 0x18, 0x00,
	0x18, 0x00, 0x18, 0x00, 0x18, 0x00, 0x18, 0x00, 0x18, 0x00, 0x18, 0x00,
	0x18, 0x00, 0x18, 0x00, 0x18, 0x00, 0x18, 0x00, 0x18, 0x00, 0x18, 0x00,
	0x18, 0x00, 0x1C, 0x00, 0x1E, 0x00, 0x0F, 0x80, 0x07, 0x80, 0x00, 0x00,
	0x00, 0x00
};

// ',', 16x25px
static const unsigned char PROGMEM dd_glyph_44[] = {
	0x00, 0x00, 0x00, 0x00, 0x00, 0x00, 0x00, 0x00, 0x00, 0x00, 0x00, 0x00,
	0x00, 0x00, 0x00, 0x00, 0x00, 0x00, 0x00, 0x00, 0x06, 0x00, 0x06, 0x00,
	0x02, 0x00, 0x02, 0x00, 0x00, 0x00, 0x00, 0x00, 0x00, 0x00, 0x00, 0x00,
	0x00, 0x00, 0x00, 0x00, 0x00, 0x00, 0x00, 0x00, 0x00, 0x00, 0x00, 0x00,
	0x00, 0x00
};

// '-', 16x25px
static const unsigned char PROGMEM dd_glyph_45[] = {
	0x00, 0x00, 0x00, 0x00, 0x00, 0x00, 0x00, 0x00, 0x00, 0x00, 0x00, 0x00,
	0x00, 0x00, 0x00, 0x00, 0x00, 0x00, 0xFF, 0xF0, 0xFF, 0xF0, 0x00, 0x00,
	0x00, 0x00, 0x00, 0x00, 0x00, 0x00, 0x00, 0x00, 0x00, 0x00, 0x00, 0x00,
	0x00, 0x00, 0x00, 0x00, 0x00, 0x00, 0x00, 0x00, 0x00, 0x00, 0x00, 0x00,
	0x00, 0x00
};

// '.', 16x25px
static const unsigned char PROGMEM dd_glyph_46[] = {
	0x00, 0x00, 0x00, 0x00, 0x00, 0x00, 0x00, 0x00, 0x00, 0x00, 0x00, 0x00,
	0x00, 0x00, 0x00, 0x00, 0x00, 0x00, 0x00, 0x00, 0x00, 0x00, 0x00, 0x00,
	0x06, 0x00, 0x06, 0x00, 0x00, 0x00, 0x00, 0x00, 0x00, 0x00, 0x00, 0x00,
	0x00, 0x00, 0x00, 0x00, 0x00, 0x00, 0x00, 0x00, 0x00, 0x00, 0x00, 0x00,
	0x00, 0x00
};

// '/', 16x25px
static const unsigned char PROGMEM dd_glyph_47[] = {
	0x00, 0x00, 0x00, 0x00, 0x00, 0x00, 0x00, 0x30, 0x00, 0x30, 0x00, 0x30,
	0x00, 0x70, 0x00, 0xF0, 0x01, 0xE0, 0x01, 0xC0, 0x03, 0x80, 0x07, 0x00,
	0x0E, 0x00, 0x1C, 0x00, 0x38, 0x00, 0x70, 0x00, 0xE0, 0x00, 0xC0, 0x00,
	0xC0, 0x00, 0xC0, 0x00, 0xC0, 0x00, 0x00, 0x00, 0x00, 0x00, 0x00, 0x00,
	0x00, 0x00
};

// '0', 16x25px
static const unsigned char PROGMEM dd_glyph_48[] = {
	0x7F, 0xFE, 0xFF, 0xFF, 0xFF, 0xFF, 0xE0, 0x07, 0xE0, 0x07, 0xE0, 0x07,
	0xE0, 0x07, 0xE0, 0x07, 0xE0, 0x07, 0xE0, 0x07, 0xE0, 0x07, 0xE0, 0x07,
	0xE0, 0x07, 0xE0, 0x07, 0xE0, 0x07, 0xE0, 0x07, 0xE0, 0x07, 0xE0, 0x07,
	0xE0, 0x07, 0xE0, 0x07, 0xE0, 0x07, 0xE0, 0x07, 0xFF, 0xFF, 0xFF, 0xFF,
	0x7F, 0xFE
};

// '1', 16x25px
static const unsigned char PROGMEM dd_glyph_49[] = {
	0x00, 0x00, 0x00, 0x07, 0x00, 0x07, 0x00, 0x07, 0x00, 0x07, 0x00, 0x07,
	0x00, 0x07, 0x00, 0x07, 0x00, 0x07, 0x00, 0x07, 0x00, 0x07, 0x00, 0x07,
	0x00, 0x07, 0x00, 0x07, 0x00, 0x07, 0x00, 0x07, 0x00, 0x07, 0x00, 0x07,
	0x00, 0x07, 0x00, 0x07, 0x00, 0x07, 0x00, 0x07, 0x00, 0x07, 0x00, 0x07,
	0x00, 0x00
};

// '2', 16x25px
static const unsigned char PROGMEM dd_glyph_50[] = {
	0x7F, 0xFE, 0x7F, 0xFF, 0x7F, 0xFF, 0x00, 0x07, 0x00, 0x07, 0x00, 0x07,
	0x00, 0x07, 0x00, 0x07, 0x00, 0x07, 0x00, 0x07, 0x00, 0x07, 0x7F, 0xFF,
	0xFF, 0xFF, 0xFF, 0xFE, 0xE0, 0x00, 0xE0, 0x00, 0xE0, 0x00, 0xE0, 0x00,
	0xE0, 0x00, 0xE0, 0x00, 0xE0, 0x00, 0xE0, 0x00, 0xFF, 0xFE, 0xFF, 0xFE,
	0x7F, 0xFE
};

// '3', 16x25px
static const unsigned char PROGMEM dd_glyph_51[] = {
	0x7F, 0xFE, 0x7F, 0xFF, 0x7F, 0xFF, 0x00, 0x07, 0x00, 0x07, 0x00, 0x07,
	0x00, 0x07, 0x00, 0x07, 0x00, 0x07, 0x00, 0x07, 0x00, 0x07, 0x7F, 0xFF,
	0x7F, 0xFF, 0x7F, 0xFF, 0x00, 0x07, 0x00, 0x07, 0x00, 0x07, 0x00, 0x07,
	0x00, 0x07, 0x00, 0x07, 0x00, 0x07, 0x00, 0x07, 0x7F, 0xFF, 0x7F, 0xFF,
	0x7F, 0xFE
};

// '4', 16x25px
static const unsigned char PROGMEM dd_glyph_52[] = {
	0x00, 0x00, 0xE0, 0x07, 0xE0, 0x07, 0xE0, 0x07, 0xE0, 0x07, 0xE0, 0x07,
	0xE0, 0x07, 0xE0, 0x07, 0xE0, 0x07, 0xE0, 0x07, 0xE0, 0x07, 0xFF, 0xFF,
	0xFF, 0xFF, 0x7F, 0xFF, 0x00, 0x07, 0x00, 0x07, 0x00, 0x07, 0x00, 0x07,
	0x00, 0x07, 0x00, 0x07, 0x00, 0x07, 0x00, 0x07, 0x00, 0x07, 0x00, 0x07,
	0x00, 0x00
};

// '5', 16x25px
static const unsigned char PROGMEM dd_glyph_53[] = {
	0x7F, 0xFE, 0xFF, 0xFE, 0xFF, 0xFE, 0xE0, 0x00, 0xE0, 0x00, 0xE0, 0x00,
	0xE0, 0x00, 0xE0, 0x00, 0xE0, 0x00, 0xE0, 0x00, 0xE0, 0x00, 0xFF, 0xFE,
	0xFF, 0xFF, 0x7F, 0xFF, 0x00, 0x07, 0x00, 0x07, 0x00, 0x07, 0x00, 0x07,
	0x00, 0x07, 0x00, 0x07, 0x00, 0x07, 0x00, 0x07, 0x7F, 0xFF, 0x7F, 0xFF,
	0x7F, 0xFE
};

// '6', 16x25px
static const unsigned char PROGMEM dd_glyph_54[] = {
	0x7F, 0xFE, 0xFF, 0xFE, 0xFF, 0xFE, 0xE0, 0x00, 0xE0, 0x00, 0xE0, 0x00,
	0xE0, 0x00, 0xE0, 0x00, 0xE0, 0x00, 0xE0, 0x00, 0xE0, 0x00, 0xFF, 0xFE,
	0xFF, 0xFF, 0xFF, 0xFF, 0xE0, 0x07, 0xE0, 0x07, 0xE0, 0x07, 0xE0, 0x07,
	0xE0, 0x07, 0xE0, 0x07, 0xE0, 0x07, 0xE0, 0x07, 0xFF, 0xFF, 0xFF, 0xFF,
	0x7F, 0xFE
};

// '7', 16x25px
static const unsigned char PROGMEM dd_glyph_55[] = {
	0x7F, 0xFE, 0x7F, 0xFF, 0x7F, 0xFF, 0x00, 0x07, 0x00, 0x07, 0x00, 0x07,
	0x00, 0x07, 0x00, 0x07, 0x00, 0x07, 0x00, 0x07, 0x00, 0x07, 0x00, 0x07,
	0x00, 0x07, 0x00, 0x07, 0x00, 0x07, 0x00, 0x07, 0x00, 0x07, 0x00, 0x07,
	0x00, 0x07, 0x00, 0x07, 0x00, 0x07, 0x00, 0x07, 0x00, 0x07, 0x00, 0x07,
	0x00, 0x00
};

// '8', 16x25px
static const unsigned char PROGMEM dd_glyph_56[] = {
	0x7F, 0xFE, 0xFF, 0xFF, 0xFF, 0xFF, 0xE0, 0x07, 0xE0, 0x07, 0xE0, 0x07,
	0xE0, 0x07, 0xE0, 0x07, 0xE0, 0x07, 0xE0, 0x07, 0xE0, 0x07, 0xFF, 0xFF,
	0xFF, 0xFF, 0xFF, 0xFF, 0xE0, 0x07, 0xE0, 0x07, 0xE0, 0x07, 0xE0, 0x07,
	0xE0, 0x07, 0xE0, 0x07, 0xE0, 0x07, 0xE0, 0x07, 0xFF, 0xFF, 0xFF, 0xFF,
	0x7F, 0xFE
};

// '9', 16x25px
static const unsigned char PROGMEM dd_glyph_57[] = {
	0x7F, 0xFE, 0xFF, 0xFF, 0xFF, 0xFF, 0xE0, 0x07, 0xE0, 0x07, 0xE0, 0x07,
	0xE0, 0x07, 0xE0, 0x07, 0xE0, 0x07, 0xE0, 0x07, 0xE0, 0x07, 0xFF, 0xFF,
	0xFF, 0xFF, 0x7F, 0xFF, 0x00, 0x07, 0x00, 0x07, 0x00, 0x07, 0x00, 0x07,
	0x00, 0x07, 0x00, 0x07, 0x00, 0x07, 0x00, 0x07, 0x7F, 0xFF, 0x7F, 0xFF,
	0x7F, 0xFE
};

// ':', 16x25px
static const unsigned char PROGMEM dd_glyph_58[] = {
	0x00, 0x00, 0x00, 0x00, 0x00, 0x00, 0x00, 0x00, 0x00, 0x00, 0x00, 0x00,
	0x06, 0x00, 0x06, 0x00, 0x06, 0x00, 0x06, 0x00, 0x00, 0x00, 0x06, 0x00,
	0x06, 0x00, 0x06, 0x00, 0x06, 0x00, 0x00, 0x00, 0x00, 0x00, 0x00, 0x00,
	0x00, 0x00, 0x00, 0x00, 0x00, 0x00, 0x00, 0x00, 0x00, 0x00, 0x00, 0x00,
	0x00, 0x00
};

// '?', 16x25px
static const unsigned char PROGMEM dd_glyph_63[] = {
	0x00, 0x00, 0x00, 0x00, 0x00, 0x00, 0x1F, 0xE0, 0x3F, 0xF0, 0x70, 0x70,
	0x60, 0x38, 0x60, 0x38, 0x00, 0x38, 0x00, 0x38, 0x00, 0x30, 0x01, 0xF0,
	0x03, 0xE0, 0x03, 0x80, 0x03, 0x00, 0x03, 0x00, 0x03, 0x00, 0x00, 0x00,
	0x00, 0x00, 0x03, 0x00, 0x03, 0x00, 0x00, 0x00, 0x00, 0x00, 0x00, 0x00,
	0x00, 0x00
};

// 'A', 16x25px
static const unsigned char PROGMEM dd_glyph_65[] = {
	0x00, 0x00, 0x00, 0x00, 0x00, 0x00, 0x03, 0x00, 0x07, 0x80, 0x07, 0x80,
	0x0F, 0xC0, 0x1C, 0xE0, 0x18, 0x60, 0x38, 0x70, 0x70, 0x38, 0x60, 0x18,
	0x60, 0x18, 0x60, 0x18, 0x7F, 0xF8, 0x7F, 0xF8, 0x70, 0x38, 0x60, 0x18,
	0x60, 0x18, 0x60, 0x18, 0x60, 0x18, 0x00, 0x00, 0x00, 0x00, 0x00, 0x00,
	0x00, 0x00
};

// 'B', 16x25px
static const unsigned char PROGMEM dd_glyph_66[] = {
	0x00, 0x00, 0x00, 0x00, 0x00, 0x00, 0x7F, 0xE0, 0x7F, 0xF0, 0x70, 0x78,
	0x60, 0x18, 0x60, 0x18, 0x60, 0x18, 0x60, 0x18, 0x60, 0x38, 0x7F, 0xF8,
	0x7F, 0xF0, 0x70, 0x78, 0x60, 0x18, 0x60, 0x18, 0x60, 0x18, 0x60, 0x18,
	0x70, 0x78, 0x7F, 0xF0, 0x7F, 0xE0, 0x00, 0x00, 0x00, 0x00, 0x00, 0x00,
	0x00, 0x00
};

// 'C', 16x25px
static const unsigned char PROGMEM dd_glyph_67[] = {
	0x00, 0x00, 0x00, 0x00, 0x00, 0x00, 0x3F, 0xC0, 0x7F, 0xE0, 0xF0, 0xF0,
	0xC0, 0x30, 0xC0, 0x30, 0xC0, 0x00, 0xC0, 0x00, 0xC0, 0x00, 0xC0, 0x00,
	0xC0, 0x00, 0xC0, 0x00, 0xC0, 0x00, 0xC0, 0x00, 0xC0, 0x30, 0xE0, 0x30,
	0xF0, 0xF0, 0x7F, 0xE0, 0x3F, 0xC0, 0x00, 0x00, 0x00, 0x00, 0x00, 0x00,
	0x00, 0x00
};

// 'D', 16x25px
static const unsigned char PROGMEM dd_glyph_68[] = {
	0x00, 0x00, 0x00, 0x00, 0x00, 0x00, 0x7F, 0xE0, 0x7F, 0xF0, 0x70, 0x78,
	0x60, 0x18, 0x60, 0x18, 0x60, 0x18, 0x60, 0x18, 0x60, 0x18, 0x60, 0x18,
	0x60, 0x18, 0x60, 0x18, 0x60, 0x18, 0x60, 0x18, 0x60, 0x18, 0x60, 0x38,
	0x70, 0x78, 0x7F, 0xF0, 0x7F, 0xE0, 0x00, 0x00, 0x00, 0x00, 0x00, 0x00,
	0x00, 0x00
};

// 'E', 16x25px
static const unsigned char PROGMEM dd_glyph_69[] = {
	0x00, 0x00, 0x00, 0x00, 0x00, 0x00, 0xFF, 0xC0, 0xFF, 0xE0, 0xE0, 0xF0,
	0xC0, 0x30, 0xC0, 0x30, 0xC0, 0x00, 0xC0, 0x00, 0xC0, 0x00, 0xFF, 0x80,
	0xFF, 0x80, 0xE0, 0x00, 0xC0, 0x00, 0xC0, 0x00, 0xC0, 0x30, 0xC0, 0x30,
	0xE0, 0xF0, 0xFF, 0xE0, 0xFF, 0xC0, 0x00, 0x00, 0x00, 0x00, 0x00, 0x00,
	0x00, 0x00
};

// 'F', 16x25px
static const unsigned char PROGMEM dd_glyph_70[] = {
	0x00, 0x00, 0x00, 0x00, 0x00, 0x00, 0xFF, 0xC0, 0xFF, 0xE0, 0xE0, 0xF0,
	0xC0, 0x30, 0xC0, 0x30, 0xC0, 0x00, 0xC0, 0x00, 0xC0, 0x00, 0xFF, 0x80,
	0xFF, 0x80, 0xE0, 0x00, 0xC0, 0x00, 0xC0, 0x00, 0xC0, 0x00, 0xC0, 0x00,
	0xC0, 0x00, 0xC0, 0x00, 0xC0, 0x00, 0x00, 0x00, 0x00, 0x00, 0x00, 0x00,
	0x00, 0x00
};

// 'G', 16x25px
static const unsigned char PROGMEM dd_glyph_71[] = {
	0x00, 0x00, 0x00, 0x00, 0x00, 0x00, 0x3F, 0xC0, 0x7F, 0xE0, 0xF0, 0xF0,
	0xC0, 0x30, 0xC0, 0x30, 0xC0, 0x00, 0xC0, 0x00, 0xC0, 0x00, 0xC3, 0xF0,
	0xC3, 0xF0, 0xC0, 0x70, 0xC0, 0x30, 0xC0, 0x30, 0xC0, 0x30, 0xE0, 0x30,
	0xF0, 0xF0, 0x7F, 0xE0, 0x3F, 0xC0, 0x00, 0x00, 0x00, 0x00, 0x00, 0x00,
	0x00, 0x00
};

// 'H', 16x25px
static const unsigned char PROGMEM dd_glyph_72[] = {
	0x00, 0x00, 0x00, 0x00, 0x00, 0x00, 0xC0, 0x30, 0xC0, 0x30, 0xC0, 0x30,
	0xC0, 0x30, 0xC0, 0x30, 0xC0, 0x30, 0xC0, 0x30, 0xC0, 0x30, 0xFF, 0xF0,
	0xFF, 0xF0, 0xE0, 0x70, 0xC0, 0x30, 0xC0, 0x30, 0xC0, 0x30, 0xC0, 0x30,
	0xC0, 0x30, 0xC0, 0x30, 0xC0, 0x30, 0x00, 0x00, 0x00, 0x00, 0x00, 0x00,
	0x00, 0x00
};

// 'I', 16x25px
static const unsigned char PROGMEM dd_glyph_73[] = {
	0x00, 0x00, 0x00, 0x00, 0x00, 0x00, 0x1F, 0xC0, 0x1F, 0xC0, 0x07, 0x00,
	0x06, 0x00, 0x06, 0x00, 0x06, 0x00, 0x06, 0x00, 0x06, 0x00, 0x06, 0x00,
	0x06, 0x00, 0x06, 0x00, 0x06, 0x00, 0x06, 0x00, 0x06, 0x00, 0x06, 0x00,
	0x07, 0x00, 0x1F, 0xC0, 0x1F, 0xC0, 0x00, 0x00, 0x00, 0x00, 0x00, 0x00,
	0x00, 0x00
};

// 'J', 16x25px
static const unsigned char PROGMEM dd_glyph_74[] = {
	0x00, 0x00, 0x00, 0x00, 0x00, 0x00, 0x0F, 0xF0, 0x0F, 0xF0, 0x0C, 0x70,
	0x0C, 0x30, 0x08, 0x30, 0x00, 0x30, 0x00, 0x30, 0x00, 0x30, 0x00, 0x30,
	0x00, 0x30, 0x00, 0x30, 0x00, 0x30, 0x00, 0x30, 0xC0, 0x30, 0xC0, 0x30,
	0xF0, 0xF0, 0x7F, 0xE0, 0x3F, 0xC0, 0x00, 0x00, 0x00, 0x00, 0x00, 0x00,
	0x00, 0x00
};

// 'K', 16x25px
static const unsigned char PROGMEM dd_glyph_75[] = {
	0x00, 0x00, 0x00, 0x00, 0x00, 0x00, 0xC0, 0x30, 0xC0, 0x30, 0xC0, 0x30,
	0xC0, 0x30, 0xC0, 0x30, 0xC0, 0x70, 0xC1, 0xE0, 0xE7, 0xC0, 0xFF, 0x80,
	0xFF, 0x80, 0xC3, 0xC0, 0xC0, 0xF0, 0xC0, 0x70, 0xC0, 0x30, 0xC0, 0x30,
	0xC0, 0x30, 0xC0, 0x30, 0xC0, 0x30, 0x00, 0x00, 0x00, 0x00, 0x00, 0x00,
	0x00, 0x00
};

// 'L', 16x25px
static const unsigned char PROGMEM dd_glyph_76[] = {
	0x00, 0x00, 0x00, 0x00, 0x00, 0x00, 0xC0, 0x00, 0xC0, 0x00, 0xC0, 0x00,
	0xC0, 0x00, 0xC0, 0x00, 0xC0, 0x00, 0xC0, 0x00, 0xC0, 0x00, 0xC0, 0x00,
	0xC0, 0x00, 0xC0, 0x00, 0xC0, 0x00, 0xC0, 0x00, 0xC0, 0x30, 0xC0, 0x30,
	0xE0, 0xF0, 0xFF, 0xE0, 0xFF, 0xC0, 0x00, 0x00, 0x00, 0x00, 0x00, 0x00,
	0x00, 0x00
};

// 'M', 16x25px
static const unsigned char PROGMEM dd_glyph_77[] = {
	0x00, 0x00, 0x00, 0x00, 0x00, 0x00, 0xC0, 0x30, 0xE0, 0x70, 0xF0, 0x70,
	0xF0, 0xF0, 0xF9, 0xF0, 0xFD, 0xF0, 0xDF, 0xB0, 0xCF, 0x30, 0xC7, 0x30,
	0xC6, 0x30, 0xC6, 0x30, 0xC2, 0x30, 0xC0, 0x30, 0xC0, 0x30, 0xC0, 0x30,
	0xC0, 0x30, 0xC0, 0x30, 0xC0, 0x30, 0x00, 0x00, 0x00, 0x00, 0x00, 0x00,
	0x00, 0x00
};

// 'N', 16x25px
static const unsigned char PROGMEM dd_glyph_78[] = {
	0x00, 0x00, 0x00, 0x00, 0x00, 0x00, 0x00, 0x00, 0xE0, 0x30, 0xE0, 0x30,
	0xF0, 0x30, 0xF8, 0x30, 0xF8, 0x30, 0xDC, 0x30, 0xCE, 0x30, 0xCE, 0x30,
	0xC7, 0x30, 0xC3, 0xB0, 0xC3, 0xF0, 0xC1, 0xF0, 0xC0, 0xF0, 0xC0, 0x70,
	0xC0, 0x70, 0xC0, 0x30, 0xC0, 0x30, 0xC0, 0x30, 0x00, 0x00, 0x00, 0x00,
	0x00, 0x00
};

// 'O', 16x25px
static const unsigned char PROGMEM dd_glyph_79[] = {
	0x00, 0x00, 0x00, 0x00, 0x00, 0x00, 0x3F, 0xC0, 0x7F, 0xE0, 0xF0, 0xF0,
	0xC0, 0x30, 0xC0, 0x30, 0xC0, 0x30, 0xC0, 0x30, 0xC0, 0x30, 0xC0, 0x30,
	0xC0, 0x30, 0xC0, 0x30, 0xC0, 0x30, 0xC0, 0x30, 0xC0, 0x30, 0xE0, 0x30,
	0xF0, 0xF0, 0x7F, 0xE0, 0x3F, 0xC0, 0x00, 0x00, 0x00, 0x00, 0x00, 0x00,
	0x00, 0x00
};

// 'P', 16x25px
static const unsigned char PROGMEM dd_glyph_80[] = {
	0x00, 0x00, 0x00, 0x00, 0x00, 0x00, 0xFF, 0xC0, 0xFF, 0xE0, 0xE0, 0xF0,
	0xC0, 0x30, 0xC0, 0x30, 0xC0, 0x30, 0xC0, 0x30, 0xE0, 0xF0, 0xFF, 0xE0,
	0xFF, 0xC0, 0xC0, 0x00, 0xC0, 0x00, 0xC0, 0x00, 0xC0, 0x00, 0xC0, 0x00,
	0xC0, 0x00, 0xC0, 0x00, 0xC0, 0x00, 0x00, 0x00, 0x00, 0x00, 0x00, 0x00,
	0x00, 0x00
};

// 'Q', 16x25px
static const unsigned char PROGMEM dd_glyph_81[] = {
	0x00, 0x00, 0x00, 0x00, 0x00, 0x00, 0x3F, 0xC0, 0x7F, 0xE0, 0xF0, 0xF0,
	0xC0, 0x30, 0xC0, 0x30, 0xC0, 0x30, 0xC0, 0x30, 0xC0, 0x30, 0xC0, 0x30,
	0xC0, 0x30, 0xC0, 0x30, 0xC0, 0x30, 0xC0, 0x30, 0xC1, 0xF0, 0xE1, 0xF0,
	0xF1, 0xF0, 0x7F, 0xF0, 0x3F, 0xF0, 0x00, 0x00, 0x00, 0x00, 0x00, 0x00,
	0x00, 0x00
};

// 'R', 16x25px
static const unsigned char PROGMEM dd_glyph_82[] = {
	0x00, 0x00, 0x00, 0x00, 0x00, 0x00, 0xFF, 0xC0, 0xFF, 0xE0, 0xE0, 0xF0,
	0xC0, 0x30, 0xC0, 0x30, 0xC0, 0x30, 0xC0, 0x30, 0xE0, 0xF0, 0xFF, 0xE0,
	0xFF, 0xC0, 0xC3, 0xC0, 0xC1, 0xC0, 0xC0, 0xE0, 0xC0, 0x70, 0xC0, 0x30,
	0xC0, 0x30, 0xC0, 0x30, 0xC0, 0x30, 0x00, 0x00, 0x00, 0x00, 0x00, 0x00,
	0x00, 0x00
};

// 'S', 16x25px
static const unsigned char PROGMEM dd_glyph_83[] = {
	0x00, 0x00, 0x00, 0x00, 0x00, 0x00, 0x3F, 0xF0, 0x7F, 0xF0, 0xF0, 0x70,
	0xC0, 0x30, 0xC0, 0x30, 0xC0, 0x00, 0xC0, 0x00, 0xE0, 0x00, 0xFF, 0xC0,
	0x7F, 0xE0, 0x00, 0xF0, 0x00, 0x30, 0x00, 0x30, 0x40, 0x30, 0xC0, 0x30,
	0xE0, 0xF0, 0xFF, 0xE0, 0xFF, 0xC0, 0x00, 0x00, 0x00, 0x00, 0x00, 0x00,
	0x00, 0x00
};

// 'T', 16x25px
static const unsigned char PROGMEM dd_glyph_84[] = {
	0x00, 0x00, 0x00, 0x00, 0x00, 0x00, 0x7F, 0xF0, 0x7F, 0xF8, 0x77, 0x38,
	0x63, 0x38, 0x23, 0x10, 0x03, 0x00, 0x03, 0x00, 0x03, 0x00, 0x03, 0x00,
	0x03, 0x00, 0x03, 0x00, 0x03, 0x00, 0x03, 0x00, 0x03, 0x00, 0x03, 0x00,
	0x03, 0x00, 0x03, 0x00, 0x03, 0x00, 0x00, 0x00, 0x00, 0x00, 0x00, 0x00,
	0x00, 0x00
};

// 'U', 16x25px
static const unsigned char PROGMEM dd_glyph_85[] = {
	0x00, 0x00, 0x00, 0x00, 0x00, 0x00, 0xC0, 0x30, 0xC0, 0x30, 0xC0, 0x30,
	0xC0, 0x30, 0xC0, 0x30, 0xC0, 0x30, 0xC0, 0x30, 0xC0, 0x30, 0xC0, 0x30,
	0xC0, 0x30, 0xC0, 0x30, 0xC0, 0x30, 0xC0, 0x30, 0xC0, 0x30, 0xE0, 0x30,
	0xF0, 0xF0, 0x7F, 0xE0, 0x3F, 0xC0, 0x00, 0x00, 0x00, 0x00, 0x00, 0x00,
	0x00, 0x00
};

// 'V', 16x25px
static const unsigned char PROGMEM dd_glyph_86[] = {
	0x00, 0x00, 0x00, 0x00, 0x00, 0x00, 0xC0, 0x30, 0xC0, 0x30, 0xC0, 0x30,
	0xC0, 0x30, 0xC0, 0x30, 0xC0, 0x30, 0xC0, 0x30, 0xC0, 0x30, 0xC0, 0x30,
	0xE0, 0x70, 0xE0, 0x70, 0x70, 0xE0, 0x39, 0xC0, 0x39, 0xC0, 0x1F, 0x80,
	0x0F, 0x00, 0x0F, 0x00, 0x06, 0x00, 0x00, 0x00, 0x00, 0x00, 0x00, 0x00,
	0x00, 0x00
};

// 'W', 16x25px
static const unsigned char PROGMEM dd_glyph_87[] = {
	0x00, 0x00, 0x00, 0x00, 0x00, 0x00, 0xC0, 0x30, 0xC0, 0x30, 0xC0, 0x30,
	0xC0, 0x30, 0xC0, 0x30, 0xC0, 0x30, 0xC4, 0x30, 0xC6, 0x30, 0xC6, 0x30,
	0xC6, 0x30, 0xCF, 0x30, 0xDF, 0xB0, 0xFB, 0xF0, 0xF9, 0xF0, 0xF0, 0xF0,
	0xE0, 0xF0, 0xE0, 0x70, 0xC0, 0x30, 0x00, 0x00, 0x00, 0x00, 0x00, 0x00,
	0x00, 0x00
};

// 'X', 16x25px
static const unsigned char PROGMEM dd_glyph_88[] = {
	0x00, 0x00, 0x00, 0x00, 0x00, 0x00, 0x60, 0x18, 0x60, 0x18, 0x60, 0x18,
	0x60, 0x18, 0x70, 0x38, 0x38, 0x70, 0x1C, 0xE0, 0x0F, 0xC0, 0x07, 0x80,
	0x07, 0x80, 0x0F, 0xC0, 0x1C, 0xE0, 0x38, 0x70, 0x70, 0x38, 0x60, 0x18,
	0x60, 0x18, 0x60, 0x18, 0x60, 0x18, 0x00, 0x00, 0x00, 0x00, 0x00, 0x00,
	0x00, 0x00
};

// 'Y', 16x25px
static const unsigned char PROGMEM dd_glyph_89[] = {
	0x00, 0x00, 0x00, 0x00, 0x00, 0x00, 0xC0, 0x30, 0xC0, 0x30, 0xC0, 0x30,
	0xC0, 0x30, 0xE0, 0x70, 0x70, 0xF0, 0x39, 0xE0, 0x1F, 0xC0, 0x0F, 0x80,
	0x07, 0x00, 0x06, 0x00, 0x06, 0x00, 0x06, 0x00, 0x06, 0x00, 0x06, 0x00,
	0x06, 0x00, 0x06, 0x00, 0x06, 0x00, 0x00, 0x00, 0x00, 0x00, 0x00, 0x00,
	0x00, 0x00
};

// 'Z', 16x25px
static const unsigned char PROGMEM dd_glyph_90[] = {
	0x00, 0x00, 0x00, 0x00, 0x00, 0x00, 0xFF, 0xF0, 0xFF, 0xF0, 0xE0, 0x70,
	0xC0, 0x70, 0x40, 0xF0, 0x01, 0xE0, 0x01, 0xC0, 0x03, 0x80, 0x07, 0x00,
	0x0E, 0x00, 0x1C, 0x00, 0x38, 0x00, 0x70, 0x00, 0xE0, 0x20, 0xC0, 0x30,
	0xE0, 0x70, 0xFF, 0xF0, 0xFF, 0xF0, 0x00, 0x00, 0x00, 0x00, 0x00, 0x00,
	0x00, 0x00
};

// '_', 16x25px
static const unsigned char PROGMEM dd_glyph_95[] = {
	0x00, 0x00, 0x00, 0x00, 0x00, 0x00, 0x00, 0x00, 0x00, 0x00, 0x00, 0x00,
	0x00, 0x00, 0x00, 0x00, 0x00, 0x00, 0x00, 0x00, 0x00, 0x00, 0x00, 0x00,
	0x00, 0x00, 0x00, 0x00, 0x00, 0x00, 0x00, 0x00, 0x00, 0x00, 0x00, 0x00,
	0x00, 0x00, 0x00, 0x00, 0x00, 0x00, 0x00, 0x00, 0x7F, 0xFE, 0x7F, 0xFE,
	0x7F, 0xFE
};

// 'a', 16x25px
static const unsigned char PROGMEM dd_glyph_97[] = {
	0x00, 0x00, 0x00, 0x00, 0x00, 0x00, 0x03, 0x00, 0x07, 0x80, 0x07, 0x80,
	0x0F, 0xC0, 0x1C, 0xE0, 0x18, 0x60, 0x38, 0x70, 0x70, 0x38, 0x60, 0x18,
	0x60, 0x18, 0x60, 0x18, 0x7F, 0xF8, 0x7F, 0xF8, 0x70, 0x38, 0x60, 0x18,
	0x60, 0x18, 0x60, 0x18, 0x60, 0x18, 0x00, 0x00, 0x00, 0x00, 0x00, 0x00,
	0x00, 0x00
};

// 'b', 16x25px
static const unsigned char PROGMEM dd_glyph_98[] = {
	0x00, 0x00, 0x00, 0x00, 0x00, 0x00, 0x7F, 0xE0, 0x7F, 0xF0, 0x70, 0x78,
	0x60, 0x18, 0x60, 0x18, 0x60, 0x18, 0x60, 0x18, 0x60, 0x38, 0x7F, 0xF8,
	0x7F, 0xF0, 0x70, 0x78, 0x60, 0x18, 0x60, 0x18, 0x60, 0x18, 0x60, 0x18,
	0x70, 0x78, 0x7F, 0xF0, 0x7F, 0xE0, 0x00, 0x00, 0x00, 0x00, 0x00, 0x00,
	0x00, 0x00
};

// 'c', 16x25px
static const unsigned char PROGMEM dd_glyph_99[] = {
	0x00, 0x00, 0x00, 0x00, 0x00, 0x00, 0x3F, 0xC0, 0x7F, 0xE0, 0xF0, 0xF0,
	0xC0, 0x30, 0xC0, 0x30, 0xC0, 0x00, 0xC0, 0x00, 0xC0, 0x00, 0xC0, 0x00,
	0xC0, 0x00, 0xC0, 0x00, 0xC0, 0x00, 0xC0, 0x00, 0xC0, 0x30, 0xE0, 0x30,
	0xF0, 0xF0, 0x7F, 0xE0, 0x3F, 0xC0, 0x00, 0x00, 0x00, 0x00, 0x00, 0x00,
	0x00, 0x00
};

// 'd', 16x25px
static const unsigned char PROGMEM dd_glyph_100[] = {
	0x00, 0x00, 0x00, 0x00, 0x00, 0x00, 0x7F, 0xE0, 0x7F, 0xF0, 0x70, 0x78,
	0x60, 0x18, 0x60, 0x18, 0x60, 0x18, 0x60, 0x18, 0x60, 0x18, 0x60, 0x18,
	0x60, 0x18, 0x60, 0x18, 0x60, 0x18, 0x60, 0x18, 0x60, 0x18, 0x60, 0x38,
	0x70, 0x78, 0x7F, 0xF0, 0x7F, 0xE0, 0x00, 0x00, 0x00, 0x00, 0x00, 0x00,
	0x00, 0x00
};

// 'e', 16x25px
static const unsigned char PROGMEM dd_glyph_101[] = {
	0x00, 0x00, 0x00, 0x00, 0x00, 0x00, 0xFF, 0xC0, 0xFF, 0xE0, 0xE0, 0xF0,
	0xC0, 0x30, 0xC0, 0x30, 0xC0, 0x00, 0xC0, 0x00, 0xC0, 0x00, 0xFF, 0x80,
	0xFF, 0x80, 0xE0, 0x00, 0xC0, 0x00, 0xC0, 0x00, 0xC0, 0x30, 0xC0, 0x30,
	0xE0, 0xF0, 0xFF, 0xE0, 0xFF, 0xC0, 0x00, 0x00, 0x00, 0x00, 0x00, 0x00,
	0x00, 0x00
};

// 'f', 16x25px
static const unsigned char PROGMEM dd_glyph_102[] = {
	0x00, 0x00, 0x00, 0x00, 0x00, 0x00, 0xFF, 0xC0, 0xFF, 0xE0, 0xE0, 0xF0,
	0xC0, 0x30, 0xC0, 0x30, 0xC0, 0x00, 0xC0, 0x00, 0xC0, 0x00, 0xFF, 0x80,
	0xFF, 0x80, 0xE0, 0x00, 0xC0, 0x00, 0xC0, 0x00, 0xC0, 0x00, 0xC0, 0x00,
	0xC0, 0x00, 0xC0, 0x00, 0xC0, 0x00, 0x00, 0x00, 0x00, 0x00, 0x00, 0x00,
	0x00, 0x00
};

// 'g', 16x25px
static const unsigned char PROGMEM dd_glyph_103[] = {
	0x00, 0x00, 0x00, 0x00, 0x00, 0x00, 0x3F, 0xC0, 0x7F, 0xE0, 0xF0, 0xF0,
	0xC0, 0x30, 0xC0, 0x30, 0xC0, 0x00, 0xC0, 0x00, 0xC0, 0x00, 0xC3, 0xF0,
	0xC3, 0xF0, 0xC0, 0x70, 0xC0, 0x30, 0xC0, 0x30, 0xC0, 0x30, 0xE0, 0x30,
	0xF0, 0xF0, 0x7F, 0xE0, 0x3F, 0xC0, 0x00, 0x00, 0x00, 0x00, 0x00, 0x00,
	0x00, 0x00
};

// 'h', 16x25px
static const unsigned char PROGMEM dd_glyph_104[] = {
	0x00, 0x00, 0x00, 0x00, 0x00, 0x00, 0xC0, 0x30, 0xC0, 0x30, 0xC0, 0x30,
	0xC0, 0x30, 0xC0, 0x30, 0xC0, 0x30, 0xC0, 0x30, 0xC0, 0x30, 0xFF, 0xF0,
	0xFF, 0xF0, 0xE0, 0x70, 0xC0, 0x30, 0xC0, 0x30, 0xC0, 0x30, 0xC0, 0x30,
	0xC0, 0x30, 0xC0, 0x30, 0xC0, 0x30, 0x00, 0x00, 0x00, 0x00, 0x00, 0x00,
	0x00, 0x00
};

// 'i', 16x25px
static const unsigned char PROGMEM dd_glyph_105[] = {
	0x00, 0x00, 0x00, 0x00, 0x00, 0x00, 0x1F, 0xC0, 0x1F, 0xC0, 0x07, 0x00,
	0x06, 0x00, 0x06, 0x00, 0x06, 0x00, 0x06, 0x00, 0x06, 0x00, 0x06, 0x00,
	0x06, 0x00, 0x06, 0x00, 0x06, 0x00, 0x06, 0x00, 0x06, 0x00, 0x06, 0x00,
	0x07, 0x00, 0x1F, 0xC0, 0x1F, 0xC0, 0x00, 0x00, 0x00, 0x00, 0x00, 0x00,
	0x00, 0x00
};

// 'j', 16x25px
static const unsigned char PROGMEM dd_glyph_106[] = {
	0x00, 0x00, 0x00, 0x00, 0x00, 0x00, 0x0F, 0xF0, 0x0F, 0xF0, 0x0C, 0x70,
	0x0C, 0x30, 0x08, 0x30, 0x00, 0x30, 0x00, 0x30, 0x00, 0x30, 0x00, 0x30,
	0x00, 0x30, 0x00, 0x30, 0x00, 0x30, 0x00, 0x30, 0xC0, 0x30, 0xC0, 0x30,
	0xF0, 0xF0, 0x7F, 0xE0, 0x3F, 0xC0, 0x00, 0x00, 0x00, 0x00, 0x00, 0x00,
	0x00, 0x00
};

// 'k', 16x25px
static const unsigned char PROGMEM dd_glyph_107[] = {
	0x00, 0x00, 0x00, 0x00, 0x00, 0x00, 0xC0, 0x30, 0xC0, 0x30, 0xC0, 0x30,
	0xC0, 0x30, 0xC0, 0x30, 0xC0, 0x70, 0xC1, 0xE0, 0xE7, 0xC0, 0xFF, 0x80,
	0xFF, 0x80, 0xC3, 0xC0, 0xC0, 0xF0, 0xC0, 0x70, 0xC0, 0x30, 0xC0, 0x30,
	0xC0, 0x30, 0xC0, 0x30, 0xC0, 0x30, 0x00, 0x00, 0x00, 0x00, 0x00, 0x00,
	0x00, 0x00
};

// 'l', 16x25px
static const unsigned char PROGMEM dd_glyph_108[] = {
	0x00, 0x00, 0x00, 0x00, 0x00, 0x00, 0xC0, 0x00, 0xC0, 0x00, 0xC0, 0x00,
	0xC0, 0x00, 0xC0, 0x00, 0xC0, 0x00, 0xC0, 0x00, 0xC0, 0x00, 0xC0, 0x00,
	0xC0, 0x00, 0xC0, 0x00, 0xC0, 0x00, 0xC0, 0x00, 0xC0, 0x30, 0xC0, 0x30,
	0xE0, 0xF0, 0xFF, 0xE0, 0xFF, 0xC0, 0x00, 0x00, 0x00, 0x00, 0x00, 0x00,
	0x00, 0x00
};

// 'm', 16x25px
static const unsigned char PROGMEM dd_glyph_109[] = {
	0x00, 0x00, 0x00, 0x00, 0x00, 0x00, 0xC0, 0x30, 0xE0, 0x70, 0xF0, 0x70,
	0xF0, 0xF0, 0xF9, 0xF0, 0xFD, 0xF0, 0xDF, 0xB0, 0xCF, 0x30, 0xC7, 0x30,
	0xC6, 0x30, 0xC6, 0x30, 0xC2, 0x30, 0xC0, 0x30, 0xC0, 0x30, 0xC0, 0x30,
	0xC0, 0x30, 0xC0, 0x30, 0xC0, 0x30, 0x00, 0x00, 0x00, 0x00, 0x00, 0x00,
	0x00, 0x00
};

// 'n', 16x25px
static const unsigned char PROGMEM dd_glyph_110[] = {
	0x00, 0x00, 0x00, 0x00, 0x00, 0x00, 0x00, 0x00, 0xE0, 0x30, 0xE0, 0x30,
	0xF0, 0x30, 0xF8, 0x30, 0xF8, 0x30, 0xDC, 0x30, 0xCE, 0x30, 0xCE, 0x30,
	0xC7, 0x30, 0xC3, 0xB0, 0xC3, 0xF0, 0xC1, 0xF0, 0xC0, 0xF0, 0xC0, 0x70,
	0xC0, 0x70, 0xC0, 0x30, 0xC0, 0x30, 0xC0, 0x30, 0x00, 0x00, 0x00, 0x00,
	0x00, 0x00
};

// 'o', 16x25px
static const unsigned char PROGMEM dd_glyph_111[] = {
	0x00, 0x00, 0x00, 0x00, 0x00, 0x00, 0x3F, 0xC0, 0x7F, 0xE0, 0xF0, 0xF0,
	0xC0, 0x30, 0xC0, 0x30, 0xC0, 0x30, 0xC0, 0x30, 0xC0, 0x30, 0xC0, 0x30,
	0xC0, 0x30, 0xC0, 0x30, 0xC0, 0x30, 0xC0, 0x30, 0xC0, 0x30, 0xE0, 0x30,
	0xF0, 0xF0, 0x7F, 0xE0, 0x3F, 0xC0, 0x00, 0x00, 0x00, 0x00, 0x00, 0x00,
	0x00, 0x00
};

// 'p', 16x25px
static const unsigned char PROGMEM dd_glyph_112[] = {
	0x00, 0x00, 0x00, 0x00, 0x00, 0x00, 0xFF, 0xC0, 0xFF, 0xE0, 0xE0, 0xF0,
	0xC0, 0x30, 0xC0, 0x30, 0xC0, 0x30, 0xC0, 0x30, 0xE0, 0xF0, 0xFF, 0xE0,
	0xFF, 0xC0, 0xC0, 0x00, 0xC0, 0x00, 0xC0, 0x00, 0xC0, 0x00, 0xC0, 0x00,
	0xC0, 0x00, 0xC0, 0x00, 0xC0, 0x00, 0x00, 0x00, 0x00, 0x00, 0x00, 0x00,
	0x00, 0x00
};

// 'q', 16x25px
static const unsigned char PROGMEM dd_glyph_113[] = {
	0x00, 0x00, 0x00, 0x00, 0x00, 0x00, 0x3F, 0xC0, 0x7F, 0xE0, 0xF0, 0xF0,
	0xC0, 0x30, 0xC0, 0x30, 0xC0, 0x30, 0xC0, 0x30, 0xC0, 0x30, 0xC0, 0x30,
	0xC0, 0x30, 0xC0, 0x30, 0xC0, 0x30, 0xC0, 0x30, 0xC1, 0xF0, 0xE1, 0xF0,
	0xF1, 0xF0, 0x7F, 0xF0, 0x3F, 0xF0, 0x00, 0x00, 0x00, 0x00, 0x00, 0x00,
	0x00, 0x00
};

// 'r', 16x25px
static const unsigned char PROGMEM dd_glyph_114[] = {
	0x00, 0x00, 0x00, 0x00, 0x00, 0x00, 0xFF, 0xC0, 0xFF, 0xE0, 0xE0, 0xF0,
	0xC0, 0x30, 0xC0, 0x30, 0xC0, 0x30, 0xC0, 0x30, 0xE0, 0xF0, 0xFF, 0xE0,
	0xFF, 0xC0, 0xC3, 0xC0, 0xC1, 0xC0, 0xC0, 0xE0, 0xC0, 0x70, 0xC0, 0x30,
	0xC0, 0x30, 0xC0, 0x30, 0xC0, 0x30, 0x00, 0x00, 0x00, 0x00, 0x00, 0x00,
	0x00, 0x00
};

// 's', 16x25px
static const unsigned char PROGMEM dd_glyph_115[] = {
	0x00, 0x00, 0x00, 0x00, 0x00, 0x00, 0x3F, 0xF0, 0x7F, 0xF0, 0xF0, 0x70,
	0xC0, 0x30, 0xC0, 0x30, 0xC0, 0x00, 0xC0, 0x00, 0xE0, 0x00, 0xFF, 0xC0,
	0x7F, 0xE0, 0x00, 0xF0, 0x00, 0x30, 0x00, 0x30, 0x40, 0x30, 0xC0, 0x30,
	0xE0, 0xF0, 0xFF, 0xE0, 0xFF, 0xC0, 0x00, 0x00, 0x00, 0x00, 0x00, 0x00,
	0x00, 0x00
};

// 't', 16x25px
static const unsigned char PROGMEM dd_glyph_116[] = {
	0x00, 0x00, 0x00, 0x00, 0x00, 0x00, 0x7F, 0xF0, 0x7F, 0xF8, 0x77, 0x38,
	0x63, 0x38, 0x23, 0x10, 0x03, 0x00, 0x03, 0x00, 0x03, 0x00, 0x03, 0x00,
	0x03, 0x00, 0x03, 0x00, 0x03, 0x00, 0x03, 0x00, 0x03, 0x00, 0x03, 0x00,
	0x03, 0x00, 0x03, 0x00, 0x03, 0x00, 0x00, 0x00, 0x00, 0x00, 0x00, 0x00,
	0x00, 0x00
};

// 'u', 16x25px
static const unsigned char PROGMEM dd_glyph_117[] = {
	0x00, 0x00, 0x00, 0x00, 0x00, 0x00, 0xC0, 0x30, 0xC0, 0x30, 0xC0, 0x30,
	0xC0, 0x30, 0xC0, 0x30, 0xC0, 0x30, 0xC0, 0x30, 0xC0, 0x30, 0xC0, 0x30,
	0xC0, 0x30, 0xC0, 0x30, 0xC0, 0x30, 0xC0, 0x30, 0xC0, 0x30, 0xE0, 0x30,
	0xF0, 0xF0, 0x7F, 0xE0, 0x3F, 0xC0, 0x00, 0x00, 0x00, 0x00, 0x00, 0x00,
	0x00, 0x00
};

// 'v', 16x25px
static const unsigned char PROGMEM dd_glyph_118[] = {
	0x00, 0x00, 0x00, 0x00, 0x00, 0x00, 0xC0, 0x30, 0xC0, 0x30, 0xC0, 0x30,
	0xC0, 0x30, 0xC0, 0x30, 0xC0, 0x30, 0xC0, 0x30, 0xC0, 0x30, 0xC0, 0x30,
	0xE0, 0x70, 0xE0, 0x70, 0x70, 0xE0, 0x39, 0xC0, 0x39, 0xC0, 0x1F, 0x80,
	0x0F, 0x00, 0x0F, 0x00, 0x06, 0x00, 0x00, 0x00, 0x00, 0x00, 0x00, 0x00,
	0x00, 0x00
};

// 'w', 16x25px
static const unsigned char PROGMEM dd_glyph_119[] = {
	0x00, 0x00, 0x00, 0x00, 0x00, 0x00, 0xC0, 0x30, 0xC0, 0x30, 0xC0, 0x30,
	0xC0, 0x30, 0xC0, 0x30, 0xC0, 0x30, 0xC4, 0x30, 0xC6, 0x30, 0xC6, 0x30,
	0xC6, 0x30, 0xCF, 0x30, 0xDF, 0xB0, 0xFB, 0xF0, 0xF9, 0xF0, 0xF0, 0xF0,
	0xE0, 0xF0, 0xE0, 0x70, 0xC0, 0x30, 0x00, 0x00, 0x00, 0x00, 0x00, 0x00,
	0x00, 0x00
};

// 'x', 16x25px
static const unsigned char PROGMEM dd_glyph_120[] = {
	0x00, 0x00, 0x00, 0x00, 0x00, 0x00, 0x60, 0x18, 0x60, 0x18, 0x60, 0x18,
	0x60, 0x18, 0x70, 0x38, 0x38, 0x70, 0x1C, 0xE0, 0x0F, 0xC0, 0x07, 0x80,
	0x07, 0x80, 0x0F, 0xC0, 0x1C, 0xE0, 0x38, 0x70, 0x70, 0x38, 0x60, 0x18,
	0x60, 0x18, 0x60, 0x18, 0x60, 0x18, 0x00, 0x00, 0x00, 0x00, 0x00, 0x00,
	0x00, 0x00
};

// 'y', 16x25px
static const unsigned char PROGMEM dd_glyph_121[] = {
	0x00, 0x00, 0x00, 0x00, 0x00, 0x00, 0xC0, 0x30, 0xC0, 0x30, 0xC0, 0x30,
	0xC0, 0x30, 0xE0, 0x70, 0x70, 0xF0, 0x39, 0xE0, 0x1F, 0xC0, 0x0F, 0x80,
	0x07, 0x00, 0x06, 0x00, 0x06, 0x00, 0x06, 0x00, 0x06, 0x00, 0x06, 0x00,
	0x06, 0x00, 0x06, 0x00, 0x06, 0x00, 0x00, 0x00, 0x00, 0x00, 0x00, 0x00,
	0x00, 0x00
};

// 'z', 16x25px
static const unsigned char PROGMEM dd_glyph_122[] = {
	0x00, 0x00, 0x00, 0x00, 0x00, 0x00, 0xFF, 0xF0, 0xFF, 0xF0, 0xE0, 0x70,
	0xC0, 0x70, 0x40, 0xF0, 0x01, 0xE0, 0x01, 0xC0, 0x03, 0x80, 0x07, 0x00,
	0x0E, 0x00, 0x1C, 0x00, 0x38, 0x00, 0x70, 0x00, 0xE0, 0x20, 0xC0, 0x30,
	0xE0, 0x70, 0xFF, 0xF0, 0xFF, 0xF0, 0x00, 0x00, 0x00, 0x00, 0x00, 0x00,
	0x00, 0x00
};

// dd glyph lookup: char -> bitmap, or nullptr.
inline const unsigned char* dd_letterBitmap(char ch) {
  switch (ch) {
    case '!': return dd_glyph_33;
    case '%': return dd_glyph_37;
    case '\'': return dd_glyph_39;
    case '(': return dd_glyph_40;
    case ')': return dd_glyph_41;
    case ',': return dd_glyph_44;
    case '-': return dd_glyph_45;
    case '.': return dd_glyph_46;
    case '/': return dd_glyph_47;
    case '0': return dd_glyph_48;
    case '1': return dd_glyph_49;
    case '2': return dd_glyph_50;
    case '3': return dd_glyph_51;
    case '4': return dd_glyph_52;
    case '5': return dd_glyph_53;
    case '6': return dd_glyph_54;
    case '7': return dd_glyph_55;
    case '8': return dd_glyph_56;
    case '9': return dd_glyph_57;
    case ':': return dd_glyph_58;
    case '?': return dd_glyph_63;
    case 'A': return dd_glyph_65;
    case 'B': return dd_glyph_66;
    case 'C': return dd_glyph_67;
    case 'D': return dd_glyph_68;
    case 'E': return dd_glyph_69;
    case 'F': return dd_glyph_70;
    case 'G': return dd_glyph_71;
    case 'H': return dd_glyph_72;
    case 'I': return dd_glyph_73;
    case 'J': return dd_glyph_74;
    case 'K': return dd_glyph_75;
    case 'L': return dd_glyph_76;
    case 'M': return dd_glyph_77;
    case 'N': return dd_glyph_78;
    case 'O': return dd_glyph_79;
    case 'P': return dd_glyph_80;
    case 'Q': return dd_glyph_81;
    case 'R': return dd_glyph_82;
    case 'S': return dd_glyph_83;
    case 'T': return dd_glyph_84;
    case 'U': return dd_glyph_85;
    case 'V': return dd_glyph_86;
    case 'W': return dd_glyph_87;
    case 'X': return dd_glyph_88;
    case 'Y': return dd_glyph_89;
    case 'Z': return dd_glyph_90;
    case '_': return dd_glyph_95;
    case 'a': return dd_glyph_97;
    case 'b': return dd_glyph_98;
    case 'c': return dd_glyph_99;
    case 'd': return dd_glyph_100;
    case 'e': return dd_glyph_101;
    case 'f': return dd_glyph_102;
    case 'g': return dd_glyph_103;
    case 'h': return dd_glyph_104;
    case 'i': return dd_glyph_105;
    case 'j': return dd_glyph_106;
    case 'k': return dd_glyph_107;
    case 'l': return dd_glyph_108;
    case 'm': return dd_glyph_109;
    case 'n': return dd_glyph_110;
    case 'o': return dd_glyph_111;
    case 'p': return dd_glyph_112;
    case 'q': return dd_glyph_113;
    case 'r': return dd_glyph_114;
    case 's': return dd_glyph_115;
    case 't': return dd_glyph_116;
    case 'u': return dd_glyph_117;
    case 'v': return dd_glyph_118;
    case 'w': return dd_glyph_119;
    case 'x': return dd_glyph_120;
    case 'y': return dd_glyph_121;
    case 'z': return dd_glyph_122;
  }
  return nullptr;
}

// '!', 8x12px
static const unsigned char PROGMEM td_glyph_33[] = {
	0x00, 0x20, 0x20, 0x20, 0x20, 0x20, 0x20, 0x20, 0x00, 0x20, 0x00, 0x00,
};

// '%', 8x12px
static const unsigned char PROGMEM td_glyph_37[] = {
	0x00, 0x00, 0x30, 0x30, 0x10, 0x10, 0x08, 0x08, 0x04, 0x0C, 0x0E, 0x00,
};

// '\'', 8x12px
static const unsigned char PROGMEM td_glyph_39[] = {
	0x10, 0x10, 0x00, 0x00, 0x00, 0x00, 0x00, 0x00, 0x00, 0x00, 0x00, 0x00,
};

// '(', 8x12px
static const unsigned char PROGMEM td_glyph_40[] = {
	0x00, 0x10, 0x08, 0x08, 0x08, 0x08, 0x08, 0x08, 0x08, 0x08, 0x18, 0x10,
};

// ')', 8x12px
static const unsigned char PROGMEM td_glyph_41[] = {
	0x00, 0x10, 0x20, 0x20, 0x20, 0x20, 0x20, 0x20, 0x20, 0x20, 0x20, 0x10,
};

// ',', 8x12px
static const unsigned char PROGMEM td_glyph_44[] = {
	0x00, 0x00, 0x00, 0x00, 0x00, 0x10, 0x10, 0x00, 0x00, 0x00, 0x00, 0x00,
};

// '-', 8x12px
static const unsigned char PROGMEM td_glyph_45[] = {
	0x00, 0x00, 0x00, 0x00, 0x7E, 0x00, 0x00, 0x00, 0x00, 0x00, 0x00, 0x00,
};

// '.', 8x12px
static const unsigned char PROGMEM td_glyph_46[] = {
	0x00, 0x00, 0x00, 0x00, 0x00, 0x00, 0x10, 0x00, 0x00, 0x00, 0x00, 0x00,
};

// '/', 8x12px
static const unsigned char PROGMEM td_glyph_47[] = {
	0x00, 0x02, 0x02, 0x06, 0x0C, 0x18, 0x30, 0x60, 0x40, 0x40, 0x00, 0x00,
};

// '0', 8x12px
static const unsigned char PROGMEM td_glyph_48[] = {
	0x7E, 0xFF, 0xC3, 0xC3, 0xC3, 0xC3, 0xC3, 0xC3, 0xC3, 0xC3, 0xFF, 0x7E,
};

// '1', 8x12px
static const unsigned char PROGMEM td_glyph_49[] = {
	0x00, 0x03, 0x03, 0x03, 0x03, 0x03, 0x03, 0x03, 0x03, 0x03, 0x03, 0x00,
};

// '2', 8x12px
static const unsigned char PROGMEM td_glyph_50[] = {
	0x7E, 0x7F, 0x03, 0x03, 0x03, 0x7F, 0xFF, 0xC0, 0xC0, 0xC0, 0xFE, 0x7E,
};

// '3', 8x12px
static const unsigned char PROGMEM td_glyph_51[] = {
	0x7E, 0x7F, 0x03, 0x03, 0x03, 0x7F, 0x7F, 0x03, 0x03, 0x03, 0x7F, 0x7E,
};

// '4', 8x12px
static const unsigned char PROGMEM td_glyph_52[] = {
	0x00, 0xC3, 0xC3, 0xC3, 0xC3, 0xFF, 0xFF, 0x03, 0x03, 0x03, 0x03, 0x00,
};

// '5', 8x12px
static const unsigned char PROGMEM td_glyph_53[] = {
	0x7E, 0xFE, 0xC0, 0xC0, 0xC0, 0xFE, 0xFF, 0x03, 0x03, 0x03, 0x7F, 0x7E,
};

// '6', 8x12px
static const unsigned char PROGMEM td_glyph_54[] = {
	0x7E, 0xFE, 0xC0, 0xC0, 0xC0, 0xFE, 0xFF, 0xC3, 0xC3, 0xC3, 0xFF, 0x7E,
};

// '7', 8x12px
static const unsigned char PROGMEM td_glyph_55[] = {
	0x7E, 0x7F, 0x03, 0x03, 0x03, 0x03, 0x03, 0x03, 0x03, 0x03, 0x03, 0x00,
};

// '8', 8x12px
static const unsigned char PROGMEM td_glyph_56[] = {
	0x7E, 0xFF, 0xC3, 0xC3, 0xC3, 0xFF, 0xFF, 0xC3, 0xC3, 0xC3, 0xFF, 0x7E,
};

// '9', 8x12px
static const unsigned char PROGMEM td_glyph_57[] = {
	0x7E, 0xFF, 0xC3, 0xC3, 0xC3, 0xFF, 0xFF, 0x03, 0x03, 0x03, 0x7F, 0x7E,
};

// ':', 8x12px
static const unsigned char PROGMEM td_glyph_58[] = {
	0x00, 0x00, 0x00, 0x10, 0x00, 0x00, 0x10, 0x00, 0x00, 0x00, 0x00, 0x00,
};

// '?', 8x12px
static const unsigned char PROGMEM td_glyph_63[] = {
	0x00, 0x78, 0xC4, 0x04, 0x04, 0x1C, 0x10, 0x10, 0x00, 0x20, 0x00, 0x00,
};

// 'A', 8x12px
static const unsigned char PROGMEM td_glyph_65[] = {
	0x00, 0x18, 0x18, 0x2C, 0x66, 0x42, 0x42, 0x7E, 0x42, 0x42, 0x00, 0x00,
};

// 'B', 8x12px
static const unsigned char PROGMEM td_glyph_66[] = {
	0x00, 0x7C, 0x42, 0x42, 0x42, 0x7E, 0x42, 0x42, 0x42, 0x7C, 0x00, 0x00,
};

// 'C', 8x12px
static const unsigned char PROGMEM td_glyph_67[] = {
	0x00, 0x7C, 0x46, 0x40, 0x40, 0x40, 0x40, 0x40, 0x46, 0x3C, 0x00, 0x00,
};

// 'D', 8x12px
static const unsigned char PROGMEM td_glyph_68[] = {
	0x00, 0x7C, 0x42, 0x42, 0x42, 0x42, 0x42, 0x42, 0x46, 0x7C, 0x00, 0x00,
};

// 'E', 8x12px
static const unsigned char PROGMEM td_glyph_69[] = {
	0x00, 0x7C, 0x46, 0x40, 0x40, 0x78, 0x40, 0x40, 0x46, 0x7C, 0x00, 0x00,
};

// 'F', 8x12px
static const unsigned char PROGMEM td_glyph_70[] = {
	0x00, 0x7C, 0x46, 0x40, 0x40, 0x78, 0x40, 0x40, 0x40, 0x40, 0x00, 0x00,
};

// 'G', 8x12px
static const unsigned char PROGMEM td_glyph_71[] = {
	0x00, 0x3C, 0x46, 0x40, 0x40, 0x4E, 0x42, 0x42, 0x42, 0x3C, 0x00, 0x00,
};

// 'H', 8x12px
static const unsigned char PROGMEM td_glyph_72[] = {
	0x00, 0x42, 0x42, 0x42, 0x42, 0x7E, 0x42, 0x42, 0x42, 0x42, 0x00, 0x00,
};

// 'I', 8x12px
static const unsigned char PROGMEM td_glyph_73[] = {
	0x00, 0x38, 0x10, 0x10, 0x10, 0x10, 0x10, 0x10, 0x10, 0x38, 0x00, 0x00,
};

// 'J', 8x12px
static const unsigned char PROGMEM td_glyph_74[] = {
	0x00, 0x3C, 0x24, 0x04, 0x04, 0x04, 0x04, 0x04, 0xC4, 0x78, 0x00, 0x00,
};

// 'K', 8x12px
static const unsigned char PROGMEM td_glyph_75[] = {
	0x00, 0x42, 0x42, 0x42, 0x4C, 0x78, 0x4C, 0x42, 0x42, 0x42, 0x00, 0x00,
};

// 'L', 8x12px
static const unsigned char PROGMEM td_glyph_76[] = {
	0x00, 0x40, 0x40, 0x40, 0x40, 0x40, 0x40, 0x40, 0x46, 0x7C, 0x00, 0x00,
};

// 'M', 8x12px
static const unsigned char PROGMEM td_glyph_77[] = {
	0x00, 0x44, 0x6C, 0x6C, 0x7C, 0x54, 0x54, 0x44, 0x44, 0x44, 0x00, 0x00,
};

// 'N', 8x12px
static const unsigned char PROGMEM td_glyph_78[] = {
	0x00, 0x00, 0x42, 0x62, 0x72, 0x52, 0x4A, 0x4E, 0x46, 0x42, 0x42, 0x00,
};

// 'O', 8x12px
static const unsigned char PROGMEM td_glyph_79[] = {
	0x00, 0x3C, 0x42, 0x42, 0x42, 0x42, 0x42, 0x42, 0x42, 0x3C, 0x00, 0x00,
};

// 'P', 8x12px
static const unsigned char PROGMEM td_glyph_80[] = {
	0x00, 0x7C, 0x42, 0x42, 0x42, 0x7C, 0x40, 0x40, 0x40, 0x40, 0x00, 0x00,
};

// 'Q', 8x12px
static const unsigned char PROGMEM td_glyph_81[] = {
	0x00, 0x3C, 0x42, 0x42, 0x42, 0x42, 0x42, 0x46, 0x4E, 0x3E, 0x00, 0x00,
};

// 'R', 8x12px
static const unsigned char PROGMEM td_glyph_82[] = {
	0x00, 0x7C, 0x42, 0x42, 0x42, 0x7E, 0x4C, 0x46, 0x42, 0x42, 0x00, 0x00,
};

// 'S', 8x12px
static const unsigned char PROGMEM td_glyph_83[] = {
	0x00, 0x3E, 0x42, 0x40, 0x40, 0x7C, 0x02, 0x02, 0x42, 0x7C, 0x00, 0x00,
};

// 'T', 8x12px
static const unsigned char PROGMEM td_glyph_84[] = {
	0x00, 0xFC, 0xD4, 0x10, 0x10, 0x10, 0x10, 0x10, 0x10, 0x10, 0x00, 0x00,
};

// 'U', 8x12px
static const unsigned char PROGMEM td_glyph_85[] = {
	0x00, 0x42, 0x42, 0x42, 0x42, 0x42, 0x42, 0x42, 0x42, 0x3C, 0x00, 0x00,
};

// 'V', 8x12px
static const unsigned char PROGMEM td_glyph_86[] = {
	0x00, 0x42, 0x42, 0x42, 0x42, 0x42, 0x66, 0x24, 0x18, 0x18, 0x00, 0x00,
};

// 'W', 8x12px
static const unsigned char PROGMEM td_glyph_87[] = {
	0x00, 0x42, 0x42, 0x42, 0x52, 0x52, 0x7A, 0x6E, 0x66, 0x42, 0x00, 0x00,
};

// 'X', 8x12px
static const unsigned char PROGMEM td_glyph_88[] = {
	0x00, 0x42, 0x42, 0x66, 0x3C, 0x18, 0x3C, 0x66, 0x42, 0x42, 0x00, 0x00,
};

// 'Y', 8x12px
static const unsigned char PROGMEM td_glyph_89[] = {
	0x00, 0x44, 0x44, 0x4C, 0x38, 0x10, 0x10, 0x10, 0x10, 0x10, 0x00, 0x00,
};

// 'Z', 8x12px
static const unsigned char PROGMEM td_glyph_90[] = {
	0x00, 0xFC, 0xC4, 0x0C, 0x18, 0x30, 0x60, 0x40, 0xC4, 0xFC, 0x00, 0x00,
};

// '_', 8x12px
static const unsigned char PROGMEM td_glyph_95[] = {
	0x00, 0x00, 0x00, 0x00, 0x00, 0x00, 0x00, 0x00, 0x00, 0x00, 0x7E, 0x7E,
};

// 'a', 8x12px
static const unsigned char PROGMEM td_glyph_97[] = {
	0x00, 0x18, 0x18, 0x2C, 0x66, 0x42, 0x42, 0x7E, 0x42, 0x42, 0x00, 0x00,
};

// 'b', 8x12px
static const unsigned char PROGMEM td_glyph_98[] = {
	0x00, 0x7C, 0x42, 0x42, 0x42, 0x7E, 0x42, 0x42, 0x42, 0x7C, 0x00, 0x00,
};

// 'c', 8x12px
static const unsigned char PROGMEM td_glyph_99[] = {
	0x00, 0x7C, 0x46, 0x40, 0x40, 0x40, 0x40, 0x40, 0x46, 0x3C, 0x00, 0x00,
};

// 'd', 8x12px
static const unsigned char PROGMEM td_glyph_100[] = {
	0x00, 0x7C, 0x42, 0x42, 0x42, 0x42, 0x42, 0x42, 0x46, 0x7C, 0x00, 0x00,
};

// 'e', 8x12px
static const unsigned char PROGMEM td_glyph_101[] = {
	0x00, 0x7C, 0x46, 0x40, 0x40, 0x78, 0x40, 0x40, 0x46, 0x7C, 0x00, 0x00,
};

// 'f', 8x12px
static const unsigned char PROGMEM td_glyph_102[] = {
	0x00, 0x7C, 0x46, 0x40, 0x40, 0x78, 0x40, 0x40, 0x40, 0x40, 0x00, 0x00,
};

// 'g', 8x12px
static const unsigned char PROGMEM td_glyph_103[] = {
	0x00, 0x3C, 0x46, 0x40, 0x40, 0x4E, 0x42, 0x42, 0x42, 0x3C, 0x00, 0x00,
};

// 'h', 8x12px
static const unsigned char PROGMEM td_glyph_104[] = {
	0x00, 0x42, 0x42, 0x42, 0x42, 0x7E, 0x42, 0x42, 0x42, 0x42, 0x00, 0x00,
};

// 'i', 8x12px
static const unsigned char PROGMEM td_glyph_105[] = {
	0x00, 0x38, 0x10, 0x10, 0x10, 0x10, 0x10, 0x10, 0x10, 0x38, 0x00, 0x00,
};

// 'j', 8x12px
static const unsigned char PROGMEM td_glyph_106[] = {
	0x00, 0x3C, 0x24, 0x04, 0x04, 0x04, 0x04, 0x04, 0xC4, 0x78, 0x00, 0x00,
};

// 'k', 8x12px
static const unsigned char PROGMEM td_glyph_107[] = {
	0x00, 0x42, 0x42, 0x42, 0x4C, 0x78, 0x4C, 0x42, 0x42, 0x42, 0x00, 0x00,
};

// 'l', 8x12px
static const unsigned char PROGMEM td_glyph_108[] = {
	0x00, 0x40, 0x40, 0x40, 0x40, 0x40, 0x40, 0x40, 0x46, 0x7C, 0x00, 0x00,
};

// 'm', 8x12px
static const unsigned char PROGMEM td_glyph_109[] = {
	0x00, 0x44, 0x6C, 0x6C, 0x7C, 0x54, 0x54, 0x44, 0x44, 0x44, 0x00, 0x00,
};

// 'n', 8x12px
static const unsigned char PROGMEM td_glyph_110[] = {
	0x00, 0x00, 0x42, 0x62, 0x72, 0x52, 0x4A, 0x4E, 0x46, 0x42, 0x42, 0x00,
};

// 'o', 8x12px
static const unsigned char PROGMEM td_glyph_111[] = {
	0x00, 0x3C, 0x42, 0x42, 0x42, 0x42, 0x42, 0x42, 0x42, 0x3C, 0x00, 0x00,
};

// 'p', 8x12px
static const unsigned char PROGMEM td_glyph_112[] = {
	0x00, 0x7C, 0x42, 0x42, 0x42, 0x7C, 0x40, 0x40, 0x40, 0x40, 0x00, 0x00,
};

// 'q', 8x12px
static const unsigned char PROGMEM td_glyph_113[] = {
	0x00, 0x3C, 0x42, 0x42, 0x42, 0x42, 0x42, 0x46, 0x4E, 0x3E, 0x00, 0x00,
};

// 'r', 8x12px
static const unsigned char PROGMEM td_glyph_114[] = {
	0x00, 0x7C, 0x42, 0x42, 0x42, 0x7E, 0x4C, 0x46, 0x42, 0x42, 0x00, 0x00,
};

// 's', 8x12px
static const unsigned char PROGMEM td_glyph_115[] = {
	0x00, 0x3E, 0x42, 0x40, 0x40, 0x7C, 0x02, 0x02, 0x42, 0x7C, 0x00, 0x00,
};

// 't', 8x12px
static const unsigned char PROGMEM td_glyph_116[] = {
	0x00, 0xFC, 0xD4, 0x10, 0x10, 0x10, 0x10, 0x10, 0x10, 0x10, 0x00, 0x00,
};

// 'u', 8x12px
static const unsigned char PROGMEM td_glyph_117[] = {
	0x00, 0x42, 0x42, 0x42, 0x42, 0x42, 0x42, 0x42, 0x42, 0x3C, 0x00, 0x00,
};

// 'v', 8x12px
static const unsigned char PROGMEM td_glyph_118[] = {
	0x00, 0x42, 0x42, 0x42, 0x42, 0x42, 0x66, 0x24, 0x18, 0x18, 0x00, 0x00,
};

// 'w', 8x12px
static const unsigned char PROGMEM td_glyph_119[] = {
	0x00, 0x42, 0x42, 0x42, 0x52, 0x52, 0x7A, 0x6E, 0x66, 0x42, 0x00, 0x00,
};

// 'x', 8x12px
static const unsigned char PROGMEM td_glyph_120[] = {
	0x00, 0x42, 0x42, 0x66, 0x3C, 0x18, 0x3C, 0x66, 0x42, 0x42, 0x00, 0x00,
};

// 'y', 8x12px
static const unsigned char PROGMEM td_glyph_121[] = {
	0x00, 0x44, 0x44, 0x4C, 0x38, 0x10, 0x10, 0x10, 0x10, 0x10, 0x00, 0x00,
};

// 'z', 8x12px
static const unsigned char PROGMEM td_glyph_122[] = {
	0x00, 0xFC, 0xC4, 0x0C, 0x18, 0x30, 0x60, 0x40, 0xC4, 0xFC, 0x00, 0x00,
};

// td glyph lookup: char -> bitmap, or nullptr.
inline const unsigned char* td_letterBitmap(char ch) {
  switch (ch) {
    case '!': return td_glyph_33;
    case '%': return td_glyph_37;
    case '\'': return td_glyph_39;
    case '(': return td_glyph_40;
    case ')': return td_glyph_41;
    case ',': return td_glyph_44;
    case '-': return td_glyph_45;
    case '.': return td_glyph_46;
    case '/': return td_glyph_47;
    case '0': return td_glyph_48;
    case '1': return td_glyph_49;
    case '2': return td_glyph_50;
    case '3': return td_glyph_51;
    case '4': return td_glyph_52;
    case '5': return td_glyph_53;
    case '6': return td_glyph_54;
    case '7': return td_glyph_55;
    case '8': return td_glyph_56;
    case '9': return td_glyph_57;
    case ':': return td_glyph_58;
    case '?': return td_glyph_63;
    case 'A': return td_glyph_65;
    case 'B': return td_glyph_66;
    case 'C': return td_glyph_67;
    case 'D': return td_glyph_68;
    case 'E': return td_glyph_69;
    case 'F': return td_glyph_70;
    case 'G': return td_glyph_71;
    case 'H': return td_glyph_72;
    case 'I': return td_glyph_73;
    case 'J': return td_glyph_74;
    case 'K': return td_glyph_75;
    case 'L': return td_glyph_76;
    case 'M': return td_glyph_77;
    case 'N': return td_glyph_78;
    case 'O': return td_glyph_79;
    case 'P': return td_glyph_80;
    case 'Q': return td_glyph_81;
    case 'R': return td_glyph_82;
    case 'S': return td_glyph_83;
    case 'T': return td_glyph_84;
    case 'U': return td_glyph_85;
    case 'V': return td_glyph_86;
    case 'W': return td_glyph_87;
    case 'X': return td_glyph_88;
    case 'Y': return td_glyph_89;
    case 'Z': return td_glyph_90;
    case '_': return td_glyph_95;
    case 'a': return td_glyph_97;
    case 'b': return td_glyph_98;
    case 'c': return td_glyph_99;
    case 'd': return td_glyph_100;
    case 'e': return td_glyph_101;
    case 'f': return td_glyph_102;
    case 'g': return td_glyph_103;
    case 'h': return td_glyph_104;
    case 'i': return td_glyph_105;
    case 'j': return td_glyph_106;
    case 'k': return td_glyph_107;
    case 'l': return td_glyph_108;
    case 'm': return td_glyph_109;
    case 'n': return td_glyph_110;
    case 'o': return td_glyph_111;
    case 'p': return td_glyph_112;
    case 'q': return td_glyph_113;
    case 'r': return td_glyph_114;
    case 's': return td_glyph_115;
    case 't': return td_glyph_116;
    case 'u': return td_glyph_117;
    case 'v': return td_glyph_118;
    case 'w': return td_glyph_119;
    case 'x': return td_glyph_120;
    case 'y': return td_glyph_121;
    case 'z': return td_glyph_122;
  }
  return nullptr;
}

#endif // SEVENSEG_LETTERS_H
